"p_val","avg_log2FC","pct.1","pct.2","p_val_adj","cluster","gene"
1.82088459839125e-184,2.66159421673039,0.04,0.252,6.66461971857183e-180,"0","SNHG9"
0,1.50330441237006,0.119,0.574,0,"0","NR4A1"
1.12493504012041e-93,1.49256959156392,0.41,0.366,4.11737474034471e-89,"0","IGKC"
4.85172464216104e-321,1.4859098592587,0.033,0.343,1.77577973627736e-316,"0","FNBP1"
8.64570445904934e-282,1.47656600679014,0.017,0.277,3.16441428905665e-277,"0","ANKRD10"
0,1.46790154580906,0.032,0.438,0,"0","SNRNP70"
4.54948352126398e-288,1.46744081970277,0.024,0.297,1.66515646361783e-283,"0","OGT"
1.44452093496696e-250,1.45313497688999,0.017,0.253,5.28709107407259e-246,"0","ROBO3"
2.68194565186142e-257,1.37269777889503,0.021,0.267,9.81618928037797e-253,"0","GFPT2"
7.52035553835583e-293,1.32788337467385,0.03,0.314,2.75252533059362e-288,"0","LAMB1"
0,1.30757628343419,0.025,0.352,0,"0","PER1"
0,1.27674634621068,0.019,0.329,0,"0","SRSF6"
2.97765308047616e-228,1.27181472897082,0.028,0.261,1.08985080398508e-223,"0","ALDH1A3"
9.61072818927444e-283,1.25416725527978,0.025,0.295,3.51762262455634e-278,"0","MEDAG"
6.29002745556626e-300,1.18811847627012,0.071,0.414,2.30221294901181e-295,"0","SGK1"
0,1.17084108937321,0.079,0.534,0,"0","NAMPT"
4.96915685021278e-73,1.149609166654,0.13,0.312,1.81876109874638e-68,"0","CCL2"
0,1.14465345938285,0.056,0.603,0,"0","SLC38A2"
0,1.12948499817825,0.017,0.317,0,"0","TMEM259"
0,1.12552156744111,0.03,0.419,0,"0","NFIL3"
0,1.12459472477196,0.044,0.381,0,"0","ERRFI1"
3.47666462172865e-293,1.11946649456927,0.022,0.296,1.2724940181989e-288,"0","SLC20A1"
4.49213420204628e-270,1.09840535161563,0.016,0.264,1.64416603929096e-265,"0","HIF1A"
6.90056253793153e-108,1.07178012644731,0.088,0.278,2.52567489450832e-103,"0","TM4SF1"
0,1.07091293911074,0.033,0.453,0,"0","FOSL2"
2.30444181402408e-295,1.04977816259631,0.012,0.275,8.43448748350954e-291,"0","SPTSSA"
9.40697411945541e-276,1.03454618037514,0.015,0.268,3.44304659746187e-271,"0","AOX1"
5.43306005821505e-207,1.02470716441086,0.081,0.36,1.98855431190729e-202,"0","MT1A"
1.00500321981606e-229,1.01552583727072,0.023,0.25,3.67841228484877e-225,"0","PDLIM3"
3.24512335880061e-213,1.01358671475326,0.058,0.316,1.18774760055461e-208,"0","ID1"
0,4.34277380119986,0.292,0.005,0,"1","FMO3"
0,3.88751070912772,0.429,0.017,0,"1","C16orf89"
0,3.78192703535798,0.854,0.04,0,"1","SFRP1"
0,3.60469648158486,0.819,0.028,0,"1","FMO2"
0,3.54659950264714,0.751,0.058,0,"1","CXCL14"
0,3.53340986784912,0.98,0.077,0,"1","DPT"
0,3.53196280434691,0.966,0.197,0,"1","APOD"
0,3.50864663160869,0.357,0.016,0,"1","IGF2"
0,3.46803260156122,0.319,0.01,0,"1","COL15A1"
0,3.45875154704063,0.454,0.019,0,"1","MYOC"
0,3.42792012855878,0.388,0.011,0,"1","CNTFR"
0,3.41285969156189,0.825,0.08,0,"1","GPC3"
0,3.40988369712408,0.269,0.015,0,"1","KIAA0408"
0,3.32991046323894,0.78,0.055,0,"1","RSPO3"
0,3.32781407030244,0.36,0.026,0,"1","MITF"
0,3.31067768068257,0.881,0.052,0,"1","SRPX"
0,3.29339748759333,0.84,0.058,0,"1","PTN"
0,3.27836358040233,0.788,0.077,0,"1","IGFBP3"
0,3.19148333421584,0.902,0.087,0,"1","SOD3"
0,3.18013447146192,0.768,0.06,0,"1","CCN5"
0,3.1790876110557,0.631,0.044,0,"1","ITIH5"
0,3.14740360179595,0.469,0.011,0,"1","EDNRB"
0,3.13418508958166,0.608,0.031,0,"1","ABCA10"
0,3.04668584135164,0.733,0.041,0,"1","CYGB"
0,3.04102196102801,0.317,0.027,0,"1","ANKRD35"
0,3.02963828066631,0.283,0.008,0,"1","FGF10"
0,3.02483345140306,0.951,0.131,0,"1","LHFPL6"
0,2.99068482940306,0.329,0.021,0,"1","CDO1"
0,2.99020761217834,0.873,0.117,0,"1","ABCA8"
0,2.98850434774031,0.608,0.038,0,"1","WNT11"
0,4.6228686971321,0.251,0.001,0,"2","CA9"
0,4.51132189312828,0.404,0.002,0,"2","AP1M2"
0,3.99777861117159,0.634,0.002,0,"2","ANXA8"
0,3.98392937240671,0.345,0.001,0,"2","ANXA8L1"
0,3.77641918060669,0.666,0.004,0,"2","ITLN2"
0,3.74722237803123,0.612,0.005,0,"2","VTN"
0,3.57782093713867,0.623,0.006,0,"2","PLLP"
0,3.46867499877315,0.256,0.004,0,"2","SBSPON"
0,3.40769842244929,0.402,0.002,0,"2","LINC00842"
0,3.36693941733589,0.95,0.017,0,"2","UPK3B"
0,3.32060798891365,0.34,0.003,0,"2","AC244153.1"
0,3.2709545203421,0.378,0.003,0,"2","PRR15"
0,3.2207455134566,0.472,0.004,0,"2","FAM153B"
0,3.21579959044621,0.402,0.005,0,"2","IQCA1"
0,3.19076320134643,0.372,0.002,0,"2","LRRN4"
0,3.12312895903977,0.839,0.05,0,"2","HP"
0,3.0846058151005,0.323,0.002,0,"2","BMP3"
0,3.02958990151244,0.592,0.007,0,"2","FLRT3"
0,3.00358763025772,0.362,0.002,0,"2","UNC5B-AS1"
0,2.99007316288577,0.627,0.006,0,"2","UPK1B"
0,2.93624642645321,0.479,0.006,0,"2","CST6"
0,2.93516365839152,0.318,0.002,0,"2","DNAJC22"
0,2.92445571690625,0.984,0.046,0,"2","MSLN"
0,2.91503135759969,0.621,0.019,0,"2","RAMP1"
0,2.87997271239276,0.45,0.002,0,"2","RAET1E"
0,2.87992447462927,0.721,0.01,0,"2","KLK8"
0,2.86044501922622,0.956,0.016,0,"2","KLK11"
0,2.8595986843514,0.447,0.003,0,"2","GALNT9"
0,2.85742334521989,0.683,0.005,0,"2","AC245041.2"
0,2.84767534149966,0.251,0.002,0,"2","RAB17"
0,2.98876618483469,0.383,0.039,0,"3","BATF"
0,2.98836676939659,0.469,0.038,0,"3","CD40LG"
0,2.94110942653743,0.37,0.029,0,"3","ICOS"
6.95194352675812e-298,2.61868849503468,0.265,0.021,2.54448085022874e-293,"3","MAL"
4.36996127243231e-280,2.55256267093899,0.332,0.039,1.59944952532295e-275,"3","LINC00892"
0,2.54103213869409,0.497,0.06,0,"3","GPR171"
0,2.45457282263967,0.781,0.121,0,"3","LTB"
0,2.44247911395462,0.582,0.083,0,"3","RHOH"
0,2.43287458347612,0.984,0.173,0,"3","IL7R"
0,2.42177265564002,0.38,0.04,0,"3","TRAT1"
5.45125015096506e-300,2.4184094197598,0.507,0.097,1.99521206775472e-295,"3","AL499604.1"
2.42012447224801e-264,2.36458946754274,0.352,0.048,8.85789758087495e-260,"3","INPP4B"
0,2.34314983543156,0.535,0.077,0,"3","PRKCQ-AS1"
2.4452441865683e-229,2.2968846213499,0.397,0.078,8.94983824725864e-225,"3","SC5D"
2.05718707908023e-201,2.26124556591942,0.271,0.037,7.52951042814155e-197,"3","P2RY10"
1.16553486388262e-153,2.25400072746409,0.264,0.048,4.26597415529678e-149,"3","AP3M2"
3.91823671209642e-132,2.25086401969004,0.361,0.099,1.43411381899441e-127,"3","CH25H"
0,2.24135483179829,0.48,0.074,0,"3","RCAN3"
4.64083557325086e-222,2.22940410929016,0.326,0.05,1.69859222816555e-217,"3","PIM2"
2.464211246412e-191,2.20845993691493,0.275,0.041,9.01925958299255e-187,"3","TNFSF8"
0,2.20399089336873,0.626,0.113,0,"3","PRDM1"
1.10969337329103e-136,2.20139050637474,0.26,0.051,4.06158871558249e-132,"3","MTFP1"
0,2.18972217334527,0.674,0.122,0,"3","CRYBG1"
2.17181718047394e-239,2.08809399333764,0.522,0.133,7.94906806225266e-235,"3","AC058791.1"
0,2.06827321641633,0.62,0.103,0,"3","SPOCK2"
2.09391748424003e-223,2.05210544423117,0.329,0.05,7.66394738406695e-219,"3","IPCEF1"
0,2.05200526533006,0.882,0.149,0,"3","CD3E"
3.51426853765128e-257,2.04792137255036,0.31,0.037,1.28625742746575e-252,"3","CD6"
1.65897691097766e-185,2.03493438804649,0.383,0.084,6.07202139186934e-181,"3","EVI2A"
0,2.02936601829588,0.97,0.285,0,"3","CD69"
0,7.4208602127331,0.365,0.002,0,"4","CLEC12A"
0,7.02579050849759,0.346,0.003,0,"4","C19orf38"
0,6.02359600073468,0.547,0.002,0,"4","AC020656.1"
0,5.57072044113986,0.453,0.002,0,"4","LILRB3"
0,5.47508043293771,0.254,0,0,"4","LILRA2"
0,5.30073836394857,0.621,0.004,0,"4","IGSF6"
0,5.17868920839369,0.369,0.004,0,"4","CLEC4A"
0,5.12491666475901,0.282,0.001,0,"4","LILRA5"
0,5.10924845769263,0.372,0.001,0,"4","FPR3"
0,5.07044779841554,0.292,0.005,0,"4","ADGRE2"
0,5.0359372541534,0.427,0.014,0,"4","S100A9"
0,5.03408282704596,0.282,0.003,0,"4","PTAFR"
0,4.97007064970469,0.679,0.004,0,"4","NCF2"
0,4.86988863715148,0.666,0.009,0,"4","FCN1"
0,4.84130940783333,0.324,0.001,0,"4","MIR3945HG"
0,4.82425352019629,0.542,0.015,0,"4","CSTA"
0,4.80095378011339,0.52,0.004,0,"4","KYNU"
0,4.76854894378259,0.66,0.007,0,"4","CFP"
0,4.69540766981054,0.257,0.002,0,"4","LINC00877"
0,4.62528243687741,0.407,0.014,0,"4","C1QB"
0,4.59963751408173,0.389,0.004,0,"4","FOLR2"
0,4.57665634263157,0.589,0.002,0,"4","CD86"
0,4.56747898477727,0.377,0.004,0,"4","GAPT"
0,4.54622395942513,0.883,0.029,0,"4","IFI30"
0,4.52959461646372,0.617,0.005,0,"4","MNDA"
0,4.51825747502799,0.814,0.014,0,"4","MS4A6A"
0,4.50039760498293,0.457,0.002,0,"4","TREM1"
0,4.50004797377733,0.256,0.005,0,"4","ASGR1"
0,4.49848493236729,0.309,0.008,0,"4","TSPAN33"
0,4.46120069706461,0.55,0.011,0,"4","C3AR1"
2.83681580746406e-236,2.43333933717778,0.465,0.088,1.03830295368992e-231,"5","PRKCQ-AS1"
0,2.3277799681282,0.912,0.189,0,"5","IL7R"
1.23288920900394e-96,2.29641071474799,0.277,0.069,4.51249779387532e-92,"5","HIST1H1D"
1.92342160194974e-140,2.28973847209191,0.282,0.052,7.03991540529624e-136,"5","TRAT1"
2.24158247493263e-166,2.26119285185562,0.313,0.054,8.20441601650091e-162,"5","CD40LG"
9.82873119813622e-244,2.25052614045292,0.514,0.105,3.59741390582984e-239,"5","BCL11B"
4.19163603028564e-288,2.24337841702897,0.631,0.14,1.53418070344485e-283,"5","LTB"
2.05670013487634e-76,2.16683357828793,0.332,0.114,7.52772816366088e-72,"5","AL499604.1"
0,2.16328506082804,0.729,0.148,0,"5","CD3D"
7.94830901723308e-147,2.1613384141117,0.335,0.071,2.90916058339748e-142,"5","TCF7"
2.18753123220579e-162,2.13900347044248,0.403,0.093,8.00658306299642e-158,"5","OXNAD1"
1.2697400092293e-304,2.08316731245131,0.707,0.167,4.64737540778016e-300,"5","TRAC"
7.93735480513326e-257,2.0782484396585,0.552,0.115,2.90515123222683e-252,"5","CD3G"
0,2.01036301434487,0.753,0.168,0,"5","CD3E"
3.09827467412198e-226,2.00958585370659,0.554,0.134,1.13399951347539e-221,"5","IKZF1"
8.37996533818712e-100,2.00934871027643,0.343,0.103,3.06715111342987e-95,"5","CDC14A"
7.01471070130966e-123,1.99646639812108,0.336,0.081,2.56745426378635e-118,"5","LAT"
6.28338311974752e-150,1.99332864096237,0.399,0.097,2.29978105565879e-145,"5","CD96"
1.69803932153511e-122,1.9516529421964,0.347,0.088,6.21499372075066e-118,"5","RCAN3"
5.34545489821297e-87,1.93051659682733,0.29,0.081,1.95648994729493e-82,"5","GIMAP1"
3.25828049394305e-158,1.88886443358782,0.415,0.099,1.1925632435881e-153,"5","GIMAP7"
9.49571995913891e-241,1.84545653869215,0.632,0.156,3.47552846224443e-236,"5","TRBC2"
4.80471161918861e-168,1.84478866831258,0.487,0.129,1.75857249973922e-163,"5","ACAP1"
1.96807624619774e-91,1.81821915544346,0.294,0.079,7.20335586870833e-87,"5","GPR171"
4.32993788425026e-201,1.8121236459119,0.619,0.184,1.58480056501444e-196,"5","GPSM3"
2.32165111058826e-164,1.79636867503837,0.613,0.223,8.4974752298641e-160,"5","STK4"
8.50100900146182e-275,1.77860753749698,0.676,0.16,3.11145430462504e-270,"5","CD2"
3.38634939261674e-111,1.76705449281032,0.384,0.114,1.23943774119165e-106,"5","ARHGAP15"
2.13813733217422e-43,1.75613065109072,0.32,0.152,7.82579644949088e-39,"5","AC058791.1"
3.7653060174904e-211,1.73738389115709,0.617,0.175,1.37813965546166e-206,"5","FYB1"
0,3.83767777352872,0.633,0.029,0,"6","CD8A"
0,3.81864380069745,0.56,0.022,0,"6","CD8B"
0,3.80038822367296,0.413,0.028,0,"6","TRGC2"
1.66163170325971e-307,3.5846197980841,0.319,0.028,6.08173819710086e-303,"6","CRTAM"
0,3.47894834685587,0.652,0.059,0,"6","GZMK"
9.25466033612766e-309,3.25422786018308,0.269,0.018,3.38729822962609e-304,"6","DTHD1"
0,3.20498645197853,0.985,0.19,0,"6","CCL5"
2.15722142345845e-236,3.09246614770745,0.26,0.024,7.89564613200027e-232,"6","LAG3"
1.38221080173832e-233,2.9539227184525,0.821,0.318,5.05902975544241e-229,"6","CCL4"
0,2.9415127702617,0.636,0.047,0,"6","KLRK1"
7.95312415958685e-309,2.86901229439472,0.485,0.071,2.91092297365038e-304,"6","IFNG"
0,2.850142169053,0.446,0.037,0,"6","GZMH"
0,2.71947229115858,0.776,0.096,0,"6","GZMA"
0,2.7177789361378,0.518,0.055,0,"6","XCL1"
4.17847633172951e-193,2.59825581801549,0.364,0.064,1.52936412217632e-188,"6","PTPN22"
0,2.57453036822573,0.822,0.113,0,"6","CST7"
0,2.53343415725196,0.936,0.256,0,"6","IL32"
1.09800611420247e-161,2.46891072857913,0.314,0.055,4.01881217859247e-157,"6","PYHIN1"
0,2.41735014455611,0.588,0.098,0,"6","RUNX3"
0,2.40926003628542,0.913,0.2,0,"6","HCST"
0,2.40214951566912,0.709,0.083,0,"6","CTSW"
3.60137774765053e-286,2.37090947285313,0.507,0.086,1.31814026941757e-281,"6","LCK"
1.24190006050515e-80,2.33165025771716,0.357,0.12,4.54547841145491e-76,"6","CCL4L2"
0,2.29377788872436,0.478,0.044,0,"6","XCL2"
0,2.28823393942205,0.648,0.093,0,"6","GZMM"
0,2.28165617109403,0.72,0.172,0,"6","TUBA4A"
0,2.26942408649949,0.769,0.148,0,"6","TRBC2"
2.64370870359283e-151,2.2467278019002,0.283,0.047,9.67623822602013e-147,"6","LINC00892"
2.30779822943414e-207,2.24573683442077,0.295,0.037,8.4467722995519e-203,"6","SAMD3"
1.42189128370407e-105,2.24290930675754,0.334,0.093,5.20426428748528e-101,"6","TNFSF9"
0,5.25038254618344,0.302,0.003,0,"7","MATN4"
0,4.53326692172394,0.319,0.009,0,"7","AIF1L"
0,4.40271465147758,0.256,0.007,0,"7","PCSK6"
0,4.31967285837319,0.471,0.014,0,"7","FAM180B"
0,4.24722408211789,0.322,0.01,0,"7","ACE"
0,4.19107004380579,0.397,0.006,0,"7","KCNAB1"
0,4.07158350550466,0.989,0.168,0,"7","FBN1"
0,4.03289928668416,0.535,0.017,0,"7","LRRC17"
0,3.99963457032493,0.998,0.136,0,"7","MFAP5"
0,3.91550904946024,0.687,0.039,0,"7","ADAMTS5"
0,3.89956868887936,0.89,0.085,0,"7","C17orf58"
0,3.86010984654873,0.313,0.004,0,"7","WNT10B"
0,3.83409674985595,0.305,0.012,0,"7","LINC02511"
0,3.81929365111777,0.893,0.058,0,"7","PI16"
0,3.78058303001267,0.827,0.052,0,"7","C1QTNF3"
0,3.67831661069071,0.302,0.019,0,"7","BMP7"
0,3.67507423919791,0.862,0.062,0,"7","CD248"
0,3.65611524998586,0.959,0.113,0,"7","ACKR3"
0,3.64288297401049,0.817,0.062,0,"7","DBN1"
1.45827480675103e-292,3.63562131132926,0.262,0.016,5.33743162018943e-288,"7","ADAMTSL1"
0,3.62644523097731,0.451,0.021,0,"7","PTHLH"
0,3.62435181335037,0.345,0.007,0,"7","OLFML2A"
0,3.6191604711099,0.862,0.077,0,"7","HTRA3"
0,3.56506105874044,0.489,0.025,0,"7","KRT222"
0,3.55883797343118,0.509,0.024,0,"7","VEGFD"
8.20536975189613e-258,3.51694342011235,0.268,0.02,3.0032473828915e-253,"7","C1QTNF2"
0,3.3937841262937,0.29,0.011,0,"7","CD24"
0,3.37243826171382,0.759,0.054,0,"7","OSR2"
0,3.36727108341481,0.681,0.033,0,"7","CLEC3B"
0,3.34565824984853,0.656,0.048,0,"7","PTGES"
0,6.12265309657214,0.507,0.006,0,"8","FGFBP2"
0,5.79181936164419,0.62,0.038,0,"8","GNLY"
0,5.55803933232393,0.288,0.008,0,"8","KLRC3"
0,5.3091214833416,0.728,0.034,0,"8","PRF1"
0,5.26962913027902,0.608,0.007,0,"8","KLRF1"
0,5.25440468868343,1,0.094,0,"8","NKG7"
0,5.01250356984937,0.455,0.014,0,"8","NCR3"
0,4.88580084923117,0.74,0.031,0,"8","GZMB"
0,4.84883677817856,0.925,0.039,0,"8","KLRD1"
0,4.82736693460562,0.455,0.012,0,"8","CD160"
0,4.78977884365581,0.69,0.038,0,"8","TRDC"
0,4.7821350412108,0.677,0.05,0,"8","XCL2"
0,4.2993454432567,0.802,0.115,0,"8","CCL3"
0,4.2804742510239,0.968,0.092,0,"8","CTSW"
5.47105731538476e-280,4.19867506581447,0.318,0.019,2.00246168800398e-275,"8","HSH2D"
0,4.19475027040918,0.315,0.011,0,"8","ADGRG1"
4.81091086728939e-317,4.18493012896243,0.26,0.009,1.76084148653659e-312,"8","FCRL6"
0,4.09680547222174,0.662,0.041,0,"8","GZMH"
0,4.03269843624648,0.362,0.018,0,"8","KLRC1"
1.00355255551436e-272,3.90491425791671,0.345,0.024,3.6731027084381e-268,"8","TTC38"
0,3.85784521711323,0.51,0.027,0,"8","IL2RB"
0,3.83717268028356,0.395,0.026,0,"8","TXK"
0,3.82811090425899,0.948,0.128,0,"8","CST7"
7.18507484802307e-197,3.8159008582169,0.61,0.119,2.62980924512492e-192,"8","CCL4L2"
1.82743234806564e-249,3.81443854867819,0.527,0.067,6.68858513715504e-245,"8","XCL1"
0,3.8138476320523,0.718,0.057,0,"8","MATK"
2.00738149973832e-284,3.77636204249317,0.295,0.015,7.34721702719224e-280,"8","TRGC1"
1.22281571972475e-130,3.76467498327891,0.302,0.04,4.47562781576455e-126,"8","CCL3L1"
0,3.73573705774443,0.838,0.097,0,"8","CD247"
1.5557993466786e-221,3.72160951767726,0.298,0.022,5.69438118877835e-217,"8","TMIGD2"
1.46929178575275e-231,4.60959129118185,0.261,0.01,5.37775486503365e-227,"9","WNT6"
2.29656954432881e-281,4.46543340873982,0.375,0.018,8.40567418919787e-277,"9","EGFL6"
2.74383573671325e-209,4.03490863004348,0.538,0.058,1.00427131799442e-204,"9","APOE"
4.47542353240664e-123,3.64330305383147,0.632,0.151,1.63804976709615e-118,"9","IGFBP2"
1.26551585768557e-126,2.89387053197233,0.486,0.079,4.63191459071497e-122,"9","RBP1"
1.95187678589468e-38,2.68015111752518,0.257,0.061,7.14406422405313e-34,"9","CDH11"
7.77546185177985e-67,2.63866122288148,0.534,0.162,2.84589679236994e-62,"9","PLAT"
2.6117607778885e-57,2.56044460726078,0.36,0.084,9.55930562314971e-53,"9","EMILIN1"
2.70542237067201e-44,2.55722941491017,0.285,0.065,9.90211641889664e-40,"9","CYP1B1"
3.69246168120634e-71,2.47467727834344,0.399,0.084,1.35147789993833e-66,"9","MDK"
5.95391713089586e-93,2.42238534821867,0.628,0.164,2.17919320907919e-88,"9","C7"
5.27619389476763e-66,2.42168731079418,0.387,0.087,1.9311397274239e-61,"9","KIF21A"
6.16216167340626e-52,2.33641376055604,0.261,0.049,2.25541279408343e-47,"9","SYNPO2"
4.44553680652576e-56,2.25645282592117,0.34,0.075,1.6271109265565e-51,"9","CADM3"
5.32757604997459e-84,2.25306588168198,0.751,0.291,1.9499461100512e-79,"9","SPARCL1"
2.52759416046192e-62,2.2319787044235,0.636,0.258,9.25124738670668e-58,"9","COL1A1"
2.86116754015986e-38,2.14832114435052,0.332,0.098,1.04721593137391e-33,"9","BMERB1"
1.30319984213197e-11,2.14147569315709,0.292,0.147,4.76984174218724e-07,"9","HSPB2"
2.60882377533372e-33,2.09679951019067,0.292,0.084,9.54855590009893e-29,"9","SNAI2"
4.27293259239743e-38,2.09445041246505,0.265,0.066,1.56393605814338e-33,"9","CENPW"
5.30011142116406e-59,2.08235997610733,0.617,0.238,1.93989378126026e-54,"9","NBL1"
1.30714660969468e-47,2.06640473776654,0.466,0.144,4.78428730614351e-43,"9","RSPO3"
2.18158551401821e-50,2.06197252888347,0.514,0.175,7.98482113985806e-46,"9","THY1"
2.7955526595592e-38,2.0544732875792,0.324,0.094,1.02320022892526e-33,"9","DCBLD2"
2.92748569179111e-71,2.03405352482041,0.648,0.232,1.07148903805246e-66,"9","COL3A1"
3.31548764130671e-21,1.98677462035429,0.316,0.127,1.21350163159467e-16,"9","CALHM2"
2.06358539775074e-21,1.98042368678806,0.34,0.141,7.55292891430747e-17,"9","PLEKHA5"
1.374856640504e-14,1.95868719203657,0.273,0.124,5.03211278990869e-10,"9","CRISPLD2"
4.80052798075258e-75,1.95023930220358,0.458,0.102,1.75704124623525e-70,"9","COL14A1"
2.86498693188399e-57,1.92958342340735,0.387,0.094,1.04861386693886e-52,"9","SNCG"
0,9.53944457079782,0.39,0.001,0,"10","CDH5"
0,7.81473751479399,0.452,0.001,0,"10","PTPRB"
0,7.32527341188908,0.813,0.008,0,"10","CLDN5"
0,7.30184972774037,0.573,0.001,0,"10","ADGRL4"
0,7.1791570139133,0.257,0.005,0,"10","STC1"
0,7.10406896408055,0.568,0.001,0,"10","EMCN"
0,7.09403350203041,0.573,0.002,0,"10","SOX18"
0,7.04904411545281,0.589,0.004,0,"10","PLVAP"
0,7.02433764632702,0.266,0.005,0,"10","HOXD8"
0,7.02127414917091,0.763,0.009,0,"10","CCL14"
0,6.98024065909265,0.705,0.002,0,"10","ECSCR"
0,6.94344251837517,0.402,0.001,0,"10","TIE1"
0,6.62299005974717,0.61,0.013,0,"10","ACKR1"
0,6.61653601231766,0.394,0.001,0,"10","MYCT1"
0,6.57589247576873,0.427,0.001,0,"10","FAM110D"
0,6.55721465779777,0.506,0.002,0,"10","RAMP3"
0,6.55217880637921,0.444,0.003,0,"10","SOX17"
0,6.52623172607723,0.299,0.002,0,"10","DOC2B"
0,6.43093880422881,0.593,0.003,0,"10","VWF"
0,6.40516212881979,0.423,0.009,0,"10","ZNF385D"
0,6.38019471697341,0.432,0.011,0,"10","ANGPT2"
0,6.317318569712,0.29,0.007,0,"10","INHBB"
0,6.27740702038026,0.548,0.002,0,"10","NRN1"
0,6.25472308231388,0.627,0.002,0,"10","PCAT19"
0,6.15760383100255,0.776,0.013,0,"10","EGFL7"
0,6.11744716931351,0.29,0.003,0,"10","SELE"
0,6.10695034774021,0.427,0.002,0,"10","CYYR1"
0,6.07690562145135,0.465,0.007,0,"10","C2CD4B"
0,6.02663340689634,0.394,0.007,0,"10","NOSTRIN"
0,5.97760465246648,0.539,0.005,0,"10","ESAM"
0,9.28519659165394,0.281,0.001,0,"11","FAM30A"
0,8.2536744056714,0.281,0.001,0,"11","TNFRSF13B"
0,7.16680760759766,0.644,0.004,0,"11","CD79A"
0,6.8812974189749,0.394,0.004,0,"11","TNFRSF13C"
0,6.6409683059401,0.412,0.004,0,"11","DERL3"
0,6.48053365117521,0.281,0.001,0,"11","NIBAN3"
0,5.89635139848333,0.431,0.009,0,"11","MS4A1"
1.06909154367432e-112,5.88370846612224,0.256,0.016,3.9129819590024e-108,"11","PLD4"
3.74473848070693e-269,5.88369466007134,0.262,0.005,1.37061173132354e-264,"11","BLNK"
6.74687770381455e-19,5.84358337075763,0.35,0.117,2.46942470837316e-14,"11","IGLC2"
0,5.80451902895671,0.431,0.007,0,"11","MZB1"
1.65001829162064e-22,5.68004551405658,0.275,0.071,6.0392319491607e-18,"11","IGLC3"
5.48806615161089e-139,5.36252598386552,0.506,0.052,2.0086870921511e-134,"11","JCHAIN"
0,5.28888057234055,0.394,0.009,0,"11","BCL11A"
0,5.26547469375351,0.25,0.001,0,"11","VPREB3"
5.2544171320739e-228,5.26194507857634,0.462,0.025,1.92316921451037e-223,"11","IGHM"
2.62849302757242e-30,5.2529028925969,0.787,0.377,9.62054733021783e-26,"11","IGKC"
1.00170925820514e-28,5.15269236959424,0.25,0.053,3.66635605595665e-24,"11","IGHG1"
3.20985304752169e-263,5.13929138615727,0.294,0.007,1.17483831392341e-258,"11","SPIB"
0,5.01509937311245,0.319,0.005,0,"11","LINC00926"
0,4.89369976084664,0.269,0.001,0,"11","POU2AF1"
1.73393136858682e-47,4.85535805535899,0.306,0.049,6.34636220216463e-43,"11","IGHA1"
2.3411995461772e-285,4.82547259062438,0.375,0.012,8.56902445896316e-281,"11","BANK1"
5.77076195250009e-251,4.57222357233006,0.356,0.012,2.11215658223456e-246,"11","TSPAN13"
2.38469382073214e-139,4.43151671982689,0.269,0.013,8.72821785326172e-135,"11","P2RX5"
0,4.29321532546684,0.281,0.002,0,"11","BLK"
7.12869260445429e-186,4.07718194608723,0.45,0.029,2.60917278015632e-181,"11","CD79B"
9.00882659478564e-87,3.90079646661105,0.306,0.029,3.29732062195749e-82,"11","IRF4"
7.4908121795574e-88,3.81336293543238,0.281,0.025,2.74171216583981e-83,"11","GAPT"
1.17297267451604e-163,3.56535453510779,0.537,0.05,4.29319728599615e-159,"11","IRF8"
3.83489856726083e-24,2.74392179671271,0.354,0.102,1.40361122460314e-19,"12","UPK3B"
8.35650624873628e-26,2.4129629529825,0.408,0.121,3.05856485209997e-21,"12","HP"
1.63552971685152e-11,2.39373000487472,0.292,0.122,5.98620231664826e-07,"12","CLDN15"
2.79832790380505e-10,2.37928524266862,0.262,0.105,1.02421599607169e-05,"12","CALB2"
2.36613566532869e-53,2.31332257981032,0.723,0.208,8.66029314866954e-49,"12","KRT18"
4.7327535181459e-39,2.23496600734912,0.623,0.204,1.73223511517658e-34,"12","SLPI"
1.95232643436403e-42,2.22923525041955,0.562,0.15,7.14570998241579e-38,"12","KRT19"
6.55941425021551e-32,2.06981577352566,0.769,0.369,2.40081120972138e-27,"12","ITLN1"
7.83850826022572e-29,2.04312381098394,0.446,0.13,2.86897240832522e-24,"12","MSLN"
8.20009025426915e-39,2.01754473027321,0.562,0.162,3.00131503396505e-34,"12","KRT8"
2.44660012847885e-27,1.96591096032552,0.677,0.318,8.95480113024544e-23,"12","ADIRF"
7.07101998066428e-24,1.78695290554089,0.531,0.203,2.58806402312293e-19,"12","TM4SF1"
1.74567017200477e-05,1.7408432253375,0.377,0.277,0.638932739655468,"12","TPM1"
1.66116131298664e-11,1.72333253542347,0.446,0.263,6.08001652166239e-07,"12","TPM2"
1.67385294833833e-06,1.70228919674222,0.292,0.166,0.0612646917621311,"12","CFB"
1.20002546925803e-09,1.6887758014589,0.392,0.215,4.39221322003132e-05,"12","PROCR"
7.57014388407728e-18,1.59701088794195,0.569,0.309,2.77074836301113e-13,"12","RARRES2"
0.00213047174922194,1.58789169371568,0.115,0.265,1,"12","CASP4"
1.1603671851396e-05,1.55271754002659,0.392,0.306,0.424705993432947,"12","CYSTM1"
2.30518166421231e-26,1.53990915839102,0.862,0.596,8.43719540918349e-22,"12","TIMP1"
0.00356740392660083,1.51244122135684,0.308,0.255,1,"12","CRYAB"
7.57330509419148e-18,1.50829416381648,0.708,0.595,2.77190539752502e-13,"12","SNHG29"
1.95235132592766e-16,1.42554411452687,0.692,0.445,7.14580108802784e-12,"12","IFITM3"
1.71142128535028e-08,1.37560385273659,0.338,0.172,0.000626397304651056,"12","TFPI2"
2.52065812964268e-07,1.36148497097787,0.323,0.172,0.00922586082030516,"12","HAS1"
1.06294045088115e-10,1.33352892998595,0.623,0.572,3.89046834427009e-06,"12","MIF"
0.000263716984881466,1.29992799114447,0.315,0.219,1,"12","ID1"
4.44958727081817e-14,1.27649433330573,0.546,0.278,1.62859343699216e-09,"12","PLA2G2A"
7.52229825920964e-05,1.27164739821455,0.369,0.267,1,"12","OGN"
0.00598960748518342,1.26100836209309,0.146,0.299,1,"12","MRPL20"
0,12.3407999413565,0.327,0,0,"13","HIGD1B"
0,11.6521698963419,0.788,0.001,0,"13","COX4I2"
0,10.786644931139,0.346,0,0,"13","GPR20"
0,10.2734443060015,0.385,0,0,"13","ENTPD3"
0,10.1465761580434,0.288,0,0,"13","ARTN"
0,9.74785576389295,0.308,0.001,0,"13","KCNA5"
0,9.72029028998615,0.308,0,0,"13","HRC"
0,9.43449821926105,0.269,0,0,"13","SLC38A11"
0,9.23119043156545,0.25,0.001,0,"13","ADCY5"
0,8.97980742095846,0.308,0.001,0,"13","ANGPT4"
0,8.88958358322284,0.904,0.003,0,"13","RERGL"
0,8.6926922145663,0.365,0.001,0,"13","CSPG4"
0,8.68098762034932,0.481,0.002,0,"13","HEYL"
0,8.60792415459406,0.404,0.002,0,"13","RBM24"
0,8.31449406469038,0.308,0.002,0,"13","RGS7BP"
0,8.1622485581773,0.904,0.005,0,"13","MYH11"
0,8.13734625701124,0.365,0.002,0,"13","NRIP2"
0,8.09639177380817,0.385,0.002,0,"13","TCF15"
0,8.08562300870747,0.5,0.001,0,"13","WFDC1"
0,7.6306590038733,0.577,0.002,0,"13","LRRC10B"
1.62264042993528e-305,7.51314819399018,0.308,0.002,5.93902623760612e-301,"13","NMNAT2"
0,7.43875892954246,0.75,0.013,0,"13","NDUFA4L2"
0,7.32919076823564,0.654,0.001,0,"13","CASQ2"
3.44193326357378e-280,7.28874070534275,0.692,0.017,1.25978199380064e-275,"13","RGS5"
5.1706577745267e-229,7.05382999767186,0.327,0.004,1.89251245205452e-224,"13","FRMD3"
0,6.8284597970034,0.519,0.006,0,"13","RBPMS2"
0,6.81490930464104,0.885,0.002,0,"13","PLN"
0,6.8082582976591,0.865,0.005,0,"13","NOTCH3"
0,6.76244189192075,0.462,0,0,"13","FHL5"
0,6.75184876014479,0.712,0.003,0,"13","GJA4"
