"sample_id","disease","tissue","broad_cell_type","n_cells"
"BRI-1456","Healthy","SQ","Dendritic_cells",58
"BRI-1456","Healthy","SQ","Endothelial",51
"BRI-1456","Healthy","SQ","Myeloid_macrophage",179
"BRI-1456","Healthy","SQ","NK_cells",230
"BRI-1456","Healthy","SQ","Stromal_fibroblast",1458
"BRI-1456","Healthy","SQ","T_cells",307
"BRI-1456","Healthy","SQ","Unresolved",183
"BRI-1456","Healthy","SQ","Vascular_smooth_muscle",62
"BRI-1457","Unhealthy","SQ","Dendritic_cells",325
"BRI-1457","Unhealthy","SQ","Endothelial",457
"BRI-1457","Unhealthy","SQ","Myeloid_macrophage",134
"BRI-1457","Unhealthy","SQ","NK_cells",368
"BRI-1457","Unhealthy","SQ","Stromal_fibroblast",2416
"BRI-1457","Unhealthy","SQ","T_cells",389
"BRI-1457","Unhealthy","SQ","Unresolved",580
"BRI-1457","Unhealthy","SQ","Vascular_smooth_muscle",179
"BRI-1458","Healthy","Omentum","B_cells",270
"BRI-1458","Healthy","Omentum","Dendritic_cells",78
"BRI-1458","Healthy","Omentum","Endothelial",474
"BRI-1458","Healthy","Omentum","Epithelial_mesothelial",721
"BRI-1458","Healthy","Omentum","Myeloid_macrophage",1347
"BRI-1458","Healthy","Omentum","NK_cells",920
"BRI-1458","Healthy","Omentum","Stromal_fibroblast",3828
"BRI-1458","Healthy","Omentum","T_cells",2304
"BRI-1458","Healthy","Omentum","Unresolved",2620
"BRI-1458","Healthy","Omentum","Vascular_smooth_muscle",277
"BRI-1459","Unhealthy","Omentum","B_cells",160
"BRI-1459","Unhealthy","Omentum","Endothelial",241
"BRI-1459","Unhealthy","Omentum","Epithelial_mesothelial",1308
"BRI-1459","Unhealthy","Omentum","Myeloid_macrophage",794
"BRI-1459","Unhealthy","Omentum","NK_cells",400
"BRI-1459","Unhealthy","Omentum","Stromal_fibroblast",2564
"BRI-1459","Unhealthy","Omentum","T_cells",2385
"BRI-1459","Unhealthy","Omentum","Unresolved",4732
"BRI-1459","Unhealthy","Omentum","Vascular_smooth_muscle",52
