"sample_id","disease","tissue","broad_cell_type","n_cells","percentage"
"BRI-1456","Healthy","SQ","Dendritic_cells",58,2.29430379746835
"BRI-1456","Healthy","SQ","Endothelial",51,2.01740506329114
"BRI-1456","Healthy","SQ","Myeloid_macrophage",179,7.08069620253165
"BRI-1456","Healthy","SQ","NK_cells",230,9.09810126582278
"BRI-1456","Healthy","SQ","Stromal_fibroblast",1458,57.6740506329114
"BRI-1456","Healthy","SQ","T_cells",307,12.1439873417722
"BRI-1456","Healthy","SQ","Unresolved",183,7.23892405063291
"BRI-1456","Healthy","SQ","Vascular_smooth_muscle",62,2.45253164556962
"BRI-1457","Unhealthy","SQ","Dendritic_cells",325,6.70379537953795
"BRI-1457","Unhealthy","SQ","Endothelial",457,9.42656765676568
"BRI-1457","Unhealthy","SQ","Myeloid_macrophage",134,2.76402640264026
"BRI-1457","Unhealthy","SQ","NK_cells",368,7.59075907590759
"BRI-1457","Unhealthy","SQ","Stromal_fibroblast",2416,49.8349834983498
"BRI-1457","Unhealthy","SQ","T_cells",389,8.02392739273927
"BRI-1457","Unhealthy","SQ","Unresolved",580,11.963696369637
"BRI-1457","Unhealthy","SQ","Vascular_smooth_muscle",179,3.69224422442244
"BRI-1458","Healthy","Omentum","B_cells",270,2.10296752083496
"BRI-1458","Healthy","Omentum","Dendritic_cells",78,0.607523950463432
"BRI-1458","Healthy","Omentum","Endothelial",474,3.6918763143547
"BRI-1458","Healthy","Omentum","Epithelial_mesothelial",721,5.6157021574889
"BRI-1458","Healthy","Omentum","Myeloid_macrophage",1347,10.4914712983877
"BRI-1458","Healthy","Omentum","NK_cells",920,7.16566710803022
"BRI-1458","Healthy","Omentum","Stromal_fibroblast",3828,29.8154061842823
"BRI-1458","Healthy","Omentum","T_cells",2304,17.9453228444583
"BRI-1458","Healthy","Omentum","Unresolved",2620,20.4065737206948
"BRI-1458","Healthy","Omentum","Vascular_smooth_muscle",277,2.15748890100475
"BRI-1459","Unhealthy","Omentum","B_cells",160,1.26622348844571
"BRI-1459","Unhealthy","Omentum","Endothelial",241,1.90724912947135
"BRI-1459","Unhealthy","Omentum","Epithelial_mesothelial",1308,10.3513770180437
"BRI-1459","Unhealthy","Omentum","Myeloid_macrophage",794,6.28363406141184
"BRI-1459","Unhealthy","Omentum","NK_cells",400,3.16555872111428
"BRI-1459","Unhealthy","Omentum","Stromal_fibroblast",2564,20.2912314023425
"BRI-1459","Unhealthy","Omentum","T_cells",2385,18.8746438746439
"BRI-1459","Unhealthy","Omentum","Unresolved",4732,37.4485596707819
"BRI-1459","Unhealthy","Omentum","Vascular_smooth_muscle",52,0.411522633744856
