"sample_name","disease","tissue","cell_type","n_cells","total_cells","percentage"
"BRI-1456","Healthy","SQ","DC_like",36,2528,1.42405063291139
"BRI-1456","Healthy","SQ","Endothelial",51,2528,2.01740506329114
"BRI-1456","Healthy","SQ","Fibroblast_stromal",177,2528,7.00158227848101
"BRI-1456","Healthy","SQ","Myeloid_monocyte_macrophage_like",179,2528,7.08069620253165
"BRI-1456","Healthy","SQ","NK_cells",230,2528,9.09810126582278
"BRI-1456","Healthy","SQ","Stromal",727,2528,28.7579113924051
"BRI-1456","Healthy","SQ","Stromal_mesenchymal",554,2528,21.9145569620253
"BRI-1456","Healthy","SQ","T_cells",307,2528,12.1439873417722
"BRI-1456","Healthy","SQ","Unresolved",183,2528,7.23892405063291
"BRI-1456","Healthy","SQ","Vascular_smooth_muscle",62,2528,2.45253164556962
"BRI-1456","Healthy","SQ","pDC_like",22,2528,0.870253164556962
"BRI-1457","Unhealthy","SQ","DC_like",305,4848,6.29125412541254
"BRI-1457","Unhealthy","SQ","Endothelial",403,4848,8.31270627062706
"BRI-1457","Unhealthy","SQ","Endothelial_ACKR1",54,4848,1.11386138613861
"BRI-1457","Unhealthy","SQ","Fibroblast_stromal",1046,4848,21.5759075907591
"BRI-1457","Unhealthy","SQ","Inflammatory_monocyte_like",74,4848,1.52640264026403
"BRI-1457","Unhealthy","SQ","Myeloid_monocyte_macrophage_like",60,4848,1.23762376237624
"BRI-1457","Unhealthy","SQ","NK_cells",368,4848,7.59075907590759
"BRI-1457","Unhealthy","SQ","Stromal",1162,4848,23.9686468646865
"BRI-1457","Unhealthy","SQ","Stromal_mesenchymal",208,4848,4.29042904290429
"BRI-1457","Unhealthy","SQ","T_cells",389,4848,8.02392739273927
"BRI-1457","Unhealthy","SQ","Unresolved",580,4848,11.963696369637
"BRI-1457","Unhealthy","SQ","Vascular_smooth_muscle",179,4848,3.69224422442244
"BRI-1457","Unhealthy","SQ","pDC_like",20,4848,0.412541254125413
"BRI-1458","Healthy","Omentum","B_cells",270,12839,2.10296752083496
"BRI-1458","Healthy","Omentum","Endothelial",474,12839,3.6918763143547
"BRI-1458","Healthy","Omentum","Epithelial_mesothelial_like",721,12839,5.6157021574889
"BRI-1458","Healthy","Omentum","Fibroblast_stromal",1250,12839,9.73596074460628
"BRI-1458","Healthy","Omentum","Inflammatory_monocyte_like",703,12839,5.47550432276657
"BRI-1458","Healthy","Omentum","Macrophage_myeloid",119,12839,0.926863462886518
"BRI-1458","Healthy","Omentum","Myeloid_monocyte_macrophage_like",525,12839,4.08910351273464
"BRI-1458","Healthy","Omentum","NK_cells",920,12839,7.16566710803022
"BRI-1458","Healthy","Omentum","Stromal",2333,12839,18.1711971337332
"BRI-1458","Healthy","Omentum","Stromal_mesenchymal",245,12839,1.90824830594283
"BRI-1458","Healthy","Omentum","T_cells",2304,12839,17.9453228444583
"BRI-1458","Healthy","Omentum","Unresolved",2620,12839,20.4065737206948
"BRI-1458","Healthy","Omentum","Vascular_smooth_muscle",277,12839,2.15748890100475
"BRI-1458","Healthy","Omentum","pDC_like",78,12839,0.607523950463432
"BRI-1459","Unhealthy","Omentum","B_cells",160,12636,1.26622348844571
"BRI-1459","Unhealthy","Omentum","Cytotoxic_T_cells",736,12636,5.82462804685027
"BRI-1459","Unhealthy","Omentum","Endothelial",241,12636,1.90724912947135
"BRI-1459","Unhealthy","Omentum","Epithelial_mesothelial_like",1308,12636,10.3513770180437
"BRI-1459","Unhealthy","Omentum","Fibroblast_stromal",253,12636,2.00221589110478
"BRI-1459","Unhealthy","Omentum","Myeloid_monocyte_macrophage_like",794,12636,6.28363406141184
"BRI-1459","Unhealthy","Omentum","NK_cells",400,12636,3.16555872111428
"BRI-1459","Unhealthy","Omentum","Stromal",1659,12636,13.1291547958215
"BRI-1459","Unhealthy","Omentum","Stromal_mesenchymal",652,12636,5.15986071541627
"BRI-1459","Unhealthy","Omentum","T_cells",1649,12636,13.0500158277936
"BRI-1459","Unhealthy","Omentum","Unresolved",4732,12636,37.4485596707819
"BRI-1459","Unhealthy","Omentum","Vascular_smooth_muscle",52,12636,0.411522633744856
