"sample","source","target","total_prob"
"Healthy SQ","Stromal_fibroblast","Dendritic_cells",0.209188850401224
"Healthy SQ","Stromal_fibroblast","B_cells",0.18929546638488
"Healthy SQ","Stromal_fibroblast","T_cells",0.186355083058861
"Healthy SQ","Stromal_fibroblast","NK_cells",0.159420674245213
"Healthy SQ","Myeloid_macrophage","Endothelial",0.118752606382547
"Healthy SQ","Stromal_fibroblast","Myeloid_macrophage",0.097456654255871
"Healthy SQ","Endothelial","Endothelial",0.0199821127287408
"Healthy SQ","Stromal_fibroblast","Stromal_fibroblast",0.0188974876557622
"Healthy SQ","Stromal_fibroblast","Vascular_smooth_muscle",0.0170769663534709
"Healthy SQ","Stromal_fibroblast","Endothelial",0.00828277545054707
"Healthy Omentum","Myeloid_macrophage","Endothelial",0.577624427612071
"Healthy Omentum","Stromal_fibroblast","NK_cells",0.204517166868031
"Healthy Omentum","Endothelial","Endothelial",0.197945654563951
"Healthy Omentum","Stromal_fibroblast","T_cells",0.193479572138845
"Healthy Omentum","Stromal_fibroblast","Dendritic_cells",0.188012690478394
"Healthy Omentum","Stromal_fibroblast","Endothelial",0.147440212365632
"Healthy Omentum","Stromal_fibroblast","Myeloid_macrophage",0.0688597751083757
"Healthy Omentum","Stromal_fibroblast","Stromal_fibroblast",0.0497089512799701
"Healthy Omentum","Dendritic_cells","Endothelial",0.04463580280877
"Healthy Omentum","Vascular_smooth_muscle","Endothelial",0.029827486316086
"Unhealthy SQ","Myeloid_macrophage","Endothelial",0.430065184888867
"Unhealthy SQ","Stromal_fibroblast","T_cells",0.15449596453496
"Unhealthy SQ","Stromal_fibroblast","B_cells",0.137794183104709
"Unhealthy SQ","Stromal_fibroblast","NK_cells",0.12813427838856
"Unhealthy SQ","Stromal_fibroblast","Myeloid_macrophage",0.0910311092215357
"Unhealthy SQ","Stromal_fibroblast","Stromal_fibroblast",0.0459171347502785
"Unhealthy SQ","Endothelial","Endothelial",0.0413495070849534
"Unhealthy SQ","Stromal_fibroblast","Vascular_smooth_muscle",0.0368470625770108
"Unhealthy SQ","Vascular_smooth_muscle","T_cells",0.0243069178560417
"Unhealthy SQ","Vascular_smooth_muscle","B_cells",0.0213242600979778
"Unhealthy Omentum","Myeloid_macrophage","Endothelial",0.629844550078711
"Unhealthy Omentum","Dendritic_cells","Endothelial",0.489429981373626
"Unhealthy Omentum","Stromal_fibroblast","T_cells",0.185366375246432
"Unhealthy Omentum","Endothelial","Endothelial",0.175372309529074
"Unhealthy Omentum","Stromal_fibroblast","NK_cells",0.174920083105761
"Unhealthy Omentum","Stromal_fibroblast","Endothelial",0.134394966651616
"Unhealthy Omentum","Stromal_fibroblast","Dendritic_cells",0.11122537434022
"Unhealthy Omentum","Vascular_smooth_muscle","T_cells",0.0780928487533489
"Unhealthy Omentum","Vascular_smooth_muscle","NK_cells",0.0731491006431235
"Unhealthy Omentum","Stromal_fibroblast","Myeloid_macrophage",0.0638556561184412
