"sample","source","target","ligand","receptor","prob"
"Healthy Omentum","Dendritic_cells","Endothelial","CXCL2","ACKR1",0.0131516012149299
"Healthy Omentum","Endothelial","Endothelial","CXCL2","ACKR1",0.15513919671628
"Healthy Omentum","Myeloid_macrophage","Endothelial","CXCL2","ACKR1",0.184266295880679
"Healthy Omentum","Stromal_fibroblast","Endothelial","CXCL2","ACKR1",0.100607883024599
"Healthy Omentum","Vascular_smooth_muscle","Endothelial","CXCL2","ACKR1",0.029827486316086
"Healthy Omentum","Endothelial","Endothelial","CXCL3","ACKR1",0.0204929798571306
"Healthy Omentum","Myeloid_macrophage","Endothelial","CXCL3","ACKR1",0.166035203840485
"Healthy Omentum","Stromal_fibroblast","Endothelial","CXCL3","ACKR1",0.0132480012716256
"Healthy Omentum","Dendritic_cells","Endothelial","CXCL8","ACKR1",0.0314842015938401
"Healthy Omentum","Endothelial","Endothelial","CXCL8","ACKR1",0.022313477990541
"Healthy Omentum","Myeloid_macrophage","Endothelial","CXCL8","ACKR1",0.227322927890907
"Healthy Omentum","Stromal_fibroblast","Endothelial","CXCL8","ACKR1",0.011832180922794
"Healthy Omentum","Stromal_fibroblast","Dendritic_cells","CXCL12","CXCR4",0.188012690478394
"Healthy Omentum","Stromal_fibroblast","Myeloid_macrophage","CXCL12","CXCR4",0.0688597751083757
"Healthy Omentum","Stromal_fibroblast","NK_cells","CXCL12","CXCR4",0.204517166868031
"Healthy Omentum","Stromal_fibroblast","T_cells","CXCL12","CXCR4",0.193479572138845
"Healthy Omentum","Stromal_fibroblast","Endothelial","CXCL12","ACKR3",0.0217521471466137
"Healthy Omentum","Stromal_fibroblast","Stromal_fibroblast","CXCL12","ACKR3",0.0497089512799701
"Healthy Omentum","Stromal_fibroblast","Vascular_smooth_muscle","CXCL12","ACKR3",0.0211445335758344
"Unhealthy Omentum","Dendritic_cells","Endothelial","CXCL2","ACKR1",0.181043356826888
"Unhealthy Omentum","Endothelial","Endothelial","CXCL2","ACKR1",0.175372309529074
"Unhealthy Omentum","Myeloid_macrophage","Endothelial","CXCL2","ACKR1",0.218856582305762
"Unhealthy Omentum","Stromal_fibroblast","Endothelial","CXCL2","ACKR1",0.134394966651616
"Unhealthy Omentum","Vascular_smooth_muscle","Endothelial","CXCL2","ACKR1",0.0225565568850335
"Unhealthy Omentum","Dendritic_cells","Endothelial","CXCL3","ACKR1",0.142255403431291
"Unhealthy Omentum","Myeloid_macrophage","Endothelial","CXCL3","ACKR1",0.179011489429861
"Unhealthy Omentum","Dendritic_cells","Endothelial","CXCL8","ACKR1",0.166131221115447
"Unhealthy Omentum","Myeloid_macrophage","Endothelial","CXCL8","ACKR1",0.231976478343088
"Unhealthy Omentum","Stromal_fibroblast","Dendritic_cells","CXCL12","CXCR4",0.11122537434022
"Unhealthy Omentum","Vascular_smooth_muscle","Dendritic_cells","CXCL12","CXCR4",0.0445135487165832
"Unhealthy Omentum","Stromal_fibroblast","Myeloid_macrophage","CXCL12","CXCR4",0.0638556561184412
"Unhealthy Omentum","Vascular_smooth_muscle","Myeloid_macrophage","CXCL12","CXCR4",0.0247640522468347
"Unhealthy Omentum","Stromal_fibroblast","NK_cells","CXCL12","CXCR4",0.174920083105761
"Unhealthy Omentum","Vascular_smooth_muscle","NK_cells","CXCL12","CXCR4",0.0731491006431235
"Unhealthy Omentum","Stromal_fibroblast","T_cells","CXCL12","CXCR4",0.185366375246432
"Unhealthy Omentum","Vascular_smooth_muscle","T_cells","CXCL12","CXCR4",0.0780928487533489
"Unhealthy Omentum","Stromal_fibroblast","Stromal_fibroblast","CXCL12","ACKR3",0.0492135689928146
"Unhealthy Omentum","Vascular_smooth_muscle","Stromal_fibroblast","CXCL12","ACKR3",0.0189046465303228
"Unhealthy Omentum","Stromal_fibroblast","Vascular_smooth_muscle","CXCL12","ACKR3",0.0130169037682905
"Healthy SQ","Dendritic_cells","Endothelial","CXCL2","ACKR1",0.00403484768746838
"Healthy SQ","Endothelial","Endothelial","CXCL2","ACKR1",0.0199821127287408
"Healthy SQ","Myeloid_macrophage","Endothelial","CXCL2","ACKR1",0.0366134927304474
"Healthy SQ","Stromal_fibroblast","Endothelial","CXCL2","ACKR1",0.00828277545054707
"Healthy SQ","Myeloid_macrophage","Endothelial","CXCL3","ACKR1",0.0196265021111842
"Healthy SQ","Myeloid_macrophage","Endothelial","CXCL8","ACKR1",0.0625126115409157
"Healthy SQ","Stromal_fibroblast","B_cells","CXCL12","CXCR4",0.18929546638488
"Healthy SQ","Stromal_fibroblast","Dendritic_cells","CXCL12","CXCR4",0.209188850401224
"Healthy SQ","Stromal_fibroblast","Myeloid_macrophage","CXCL12","CXCR4",0.097456654255871
"Healthy SQ","Stromal_fibroblast","NK_cells","CXCL12","CXCR4",0.159420674245213
"Healthy SQ","Stromal_fibroblast","T_cells","CXCL12","CXCR4",0.186355083058861
"Healthy SQ","Stromal_fibroblast","Stromal_fibroblast","CXCL12","ACKR3",0.0188974876557622
"Healthy SQ","Stromal_fibroblast","Vascular_smooth_muscle","CXCL12","ACKR3",0.0170769663534709
"Unhealthy SQ","Endothelial","Endothelial","CXCL2","ACKR1",0.0413495070849534
"Unhealthy SQ","Myeloid_macrophage","Endothelial","CXCL2","ACKR1",0.139474137292118
"Unhealthy SQ","Stromal_fibroblast","Endothelial","CXCL2","ACKR1",0.0111814533310013
"Unhealthy SQ","Myeloid_macrophage","Endothelial","CXCL3","ACKR1",0.106507545450802
"Unhealthy SQ","Epithelial_mesothelial","Endothelial","CXCL6","ACKR1",0.0105083965884758
"Unhealthy SQ","Myeloid_macrophage","Endothelial","CXCL8","ACKR1",0.184083502145947
"Unhealthy SQ","Stromal_fibroblast","B_cells","CXCL12","CXCR4",0.137794183104709
"Unhealthy SQ","Vascular_smooth_muscle","B_cells","CXCL12","CXCR4",0.0213242600979778
"Unhealthy SQ","Stromal_fibroblast","Myeloid_macrophage","CXCL12","CXCR4",0.0910311092215357
"Unhealthy SQ","Vascular_smooth_muscle","Myeloid_macrophage","CXCL12","CXCR4",0.013469961075347
"Unhealthy SQ","Stromal_fibroblast","NK_cells","CXCL12","CXCR4",0.12813427838856
"Unhealthy SQ","Vascular_smooth_muscle","NK_cells","CXCL12","CXCR4",0.0196433269741236
"Unhealthy SQ","Stromal_fibroblast","T_cells","CXCL12","CXCR4",0.15449596453496
"Unhealthy SQ","Vascular_smooth_muscle","T_cells","CXCL12","CXCR4",0.0243069178560417
"Unhealthy SQ","Stromal_fibroblast","Stromal_fibroblast","CXCL12","ACKR3",0.0459171347502785
"Unhealthy SQ","Vascular_smooth_muscle","Stromal_fibroblast","CXCL12","ACKR3",0.0065187387468895
"Unhealthy SQ","Stromal_fibroblast","Vascular_smooth_muscle","CXCL12","ACKR3",0.0368470625770108
"Unhealthy SQ","Vascular_smooth_muscle","Vascular_smooth_muscle","CXCL12","ACKR3",0.00518875917826968
