"sample","disease","tissue","pathway","communication_probability"
"Healthy SQ","Healthy","SQ","MIF",5.45284974053904
"Healthy SQ","Healthy","SQ","COLLAGEN",4.17284766157241
"Healthy SQ","Healthy","SQ","MHC-II",1.92313866558952
"Healthy SQ","Healthy","SQ","CXCL",1.72319627311596
"Healthy SQ","Healthy","SQ","APP",1.26286295022639
"Healthy SQ","Healthy","SQ","LAMININ",1.13345039451657
"Healthy SQ","Healthy","SQ","CCL",1.0505668852324
"Healthy SQ","Healthy","SQ","ADGRE",0.991686186575564
"Healthy SQ","Healthy","SQ","MHC-I",0.969075395833105
"Healthy SQ","Healthy","SQ","CypA",0.859941711890445
"Healthy SQ","Healthy","SQ","GALECTIN",0.836477253094239
"Healthy SQ","Healthy","SQ","CLEC",0.823172279835515
"Healthy SQ","Healthy","SQ","SELE",0.700032053734514
"Healthy SQ","Healthy","SQ","ANGPTL",0.463808165613074
"Healthy SQ","Healthy","SQ","ICAM",0.422157176859338
"Healthy SQ","Healthy","SQ","THBS",0.31704852003519
"Healthy SQ","Healthy","SQ","FN1",0.304824896506348
"Healthy SQ","Healthy","SQ","Prostaglandin",0.289824185843571
"Healthy SQ","Healthy","SQ","CD99",0.226791082417454
"Healthy SQ","Healthy","SQ","EGF",0.192418890969451
"Healthy SQ","Healthy","SQ","ANNEXIN",0.189977109440203
"Healthy SQ","Healthy","SQ","MK",0.16663890484135
"Healthy SQ","Healthy","SQ","IGFBP",0.154277446170288
"Healthy SQ","Healthy","SQ","VISFATIN",0.143827388344621
"Healthy SQ","Healthy","SQ","THY1",0.120045699553963
"Healthy SQ","Healthy","SQ","PECAM1",0.118683268927249
"Healthy SQ","Healthy","SQ","CD45",0.117654655632279
"Healthy SQ","Healthy","SQ","COMPLEMENT",0.115060014169167
"Healthy SQ","Healthy","SQ","VEGF",0.113036312535308
"Healthy SQ","Healthy","SQ","ESAM",0.0730764246283257
"Healthy SQ","Healthy","SQ","GAS",0.0567927963198389
"Healthy SQ","Healthy","SQ","JAM",0.0565472662959257
"Healthy SQ","Healthy","SQ","TWEAK",0.0506499638362198
"Healthy SQ","Healthy","SQ","IL6",0.0464227293905607
"Healthy SQ","Healthy","SQ","PDGF",0.0463441593573197
"Healthy SQ","Healthy","SQ","IL1",0.0450993631731121
"Healthy SQ","Healthy","SQ","ADGRG",0.0447853698053289
"Healthy SQ","Healthy","SQ","NOTCH",0.0375025717941342
"Healthy SQ","Healthy","SQ","ANGPT",0.0349065832121472
"Healthy SQ","Healthy","SQ","GAP",0.0343794362356635
"Healthy SQ","Healthy","SQ","TNF",0.0313091830522551
"Healthy SQ","Healthy","SQ","FGF",0.0311097847392066
"Healthy SQ","Healthy","SQ","VCAM",0.0276570108646113
"Healthy SQ","Healthy","SQ","CD46",0.027239082989131
"Healthy SQ","Healthy","SQ","GRN",0.0270816113373917
"Healthy SQ","Healthy","SQ","IFN-II",0.026573200182004
"Healthy SQ","Healthy","SQ","PLAU",0.0193442605813431
"Healthy SQ","Healthy","SQ","Cholesterol",0.0178790161478084
"Healthy SQ","Healthy","SQ","ADGRA",0.0161101071958576
"Healthy SQ","Healthy","SQ","CD34",0.0138027758062919
"Healthy SQ","Healthy","SQ","EDN",0.0113980815771017
"Healthy SQ","Healthy","SQ","SELPLG",0.0113173940136606
"Healthy SQ","Healthy","SQ","CSF3",0.010367484606291
"Healthy SQ","Healthy","SQ","Netrin",0.0102081190390099
"Healthy SQ","Healthy","SQ","CALCR",0.00903699645260719
"Healthy SQ","Healthy","SQ","SELL",0.00899933214755186
"Healthy SQ","Healthy","SQ","MPZ",0.00715792399337394
"Healthy SQ","Healthy","SQ","PROS",0.00706564670965392
"Healthy SQ","Healthy","SQ","NECTIN",0.00549324969446321
"Healthy SQ","Healthy","SQ","BAG",0.00478845027374701
"Healthy SQ","Healthy","SQ","IL16",0.00391669802452064
"Healthy SQ","Healthy","SQ","CDH5",0.00380388520752465
"Healthy SQ","Healthy","SQ","CSPG4",0.00371852968018738
"Healthy SQ","Healthy","SQ","SEMA7",0.00296151908583012
"Healthy SQ","Healthy","SQ","SEMA4",0.00275863432040612
"Healthy SQ","Healthy","SQ","CSF",0.0025608810771161
"Healthy SQ","Healthy","SQ","OSM",0.00247905818780661
"Healthy SQ","Healthy","SQ","NEGR",0.00196013214895467
"Healthy SQ","Healthy","SQ","LAIR1",0.00166188456487415
"Healthy SQ","Healthy","SQ","CADM",0.00114513433268233
"Healthy SQ","Healthy","SQ","SEMA3",0.000229978336871309
"Healthy SQ","Healthy","SQ","IGF",0.000118664165438791
"Unhealthy SQ","Unhealthy","SQ","MIF",5.10618441166845
"Unhealthy SQ","Unhealthy","SQ","COLLAGEN",4.74330877466896
"Unhealthy SQ","Unhealthy","SQ","CXCL",2.28862052298023
"Unhealthy SQ","Unhealthy","SQ","CCL",1.32054253598595
"Unhealthy SQ","Unhealthy","SQ","LAMININ",1.23305504766434
"Unhealthy SQ","Unhealthy","SQ","MHC-II",1.18552257082646
"Unhealthy SQ","Unhealthy","SQ","CLEC",0.941955574056406
"Unhealthy SQ","Unhealthy","SQ","APP",0.908960356147346
"Unhealthy SQ","Unhealthy","SQ","ADGRE",0.746297518420436
"Unhealthy SQ","Unhealthy","SQ","SELE",0.744047514376745
"Unhealthy SQ","Unhealthy","SQ","CD99",0.692429237252939
"Unhealthy SQ","Unhealthy","SQ","GALECTIN",0.647669488734907
"Unhealthy SQ","Unhealthy","SQ","CypA",0.632941527444796
"Unhealthy SQ","Unhealthy","SQ","MHC-I",0.546878590911361
"Unhealthy SQ","Unhealthy","SQ","THBS",0.539582718945438
"Unhealthy SQ","Unhealthy","SQ","ANNEXIN",0.448674036986326
"Unhealthy SQ","Unhealthy","SQ","Prostaglandin",0.427380093874311
"Unhealthy SQ","Unhealthy","SQ","ICAM",0.363155767347489
"Unhealthy SQ","Unhealthy","SQ","ANGPTL",0.361381067168823
"Unhealthy SQ","Unhealthy","SQ","VISFATIN",0.209223936078465
"Unhealthy SQ","Unhealthy","SQ","COMPLEMENT",0.182845821398461
"Unhealthy SQ","Unhealthy","SQ","PECAM1",0.151309141432909
"Unhealthy SQ","Unhealthy","SQ","TNF",0.126780617195777
"Unhealthy SQ","Unhealthy","SQ","ApoE",0.122814410062192
"Unhealthy SQ","Unhealthy","SQ","FN1",0.1185770239013
"Unhealthy SQ","Unhealthy","SQ","THY1",0.103743786057596
"Unhealthy SQ","Unhealthy","SQ","ESAM",0.103268808522629
"Unhealthy SQ","Unhealthy","SQ","EGF",0.0955386659201892
"Unhealthy SQ","Unhealthy","SQ","IGFBP",0.0927933820796641
"Unhealthy SQ","Unhealthy","SQ","MK",0.087373967938401
"Unhealthy SQ","Unhealthy","SQ","VEGF",0.084361169338567
"Unhealthy SQ","Unhealthy","SQ","IFN-II",0.0790764815245065
"Unhealthy SQ","Unhealthy","SQ","GAS",0.0765374160136343
"Unhealthy SQ","Unhealthy","SQ","GAP",0.0576935246403142
"Unhealthy SQ","Unhealthy","SQ","ADGRG",0.0565194612627032
"Unhealthy SQ","Unhealthy","SQ","CD45",0.052621784345688
"Unhealthy SQ","Unhealthy","SQ","Cholesterol",0.0499299210941382
"Unhealthy SQ","Unhealthy","SQ","CD46",0.0465619734656251
"Unhealthy SQ","Unhealthy","SQ","NOTCH",0.0465557170235782
"Unhealthy SQ","Unhealthy","SQ","TWEAK",0.0447692092310977
"Unhealthy SQ","Unhealthy","SQ","FGF",0.0430861248913158
"Unhealthy SQ","Unhealthy","SQ","JAM",0.0392634804013717
"Unhealthy SQ","Unhealthy","SQ","ANGPT",0.0348415123305202
"Unhealthy SQ","Unhealthy","SQ","PDGF",0.0325365652520904
"Unhealthy SQ","Unhealthy","SQ","IL1",0.0319946136650751
"Unhealthy SQ","Unhealthy","SQ","GRN",0.0259131659533422
"Unhealthy SQ","Unhealthy","SQ","VCAM",0.0187321312047701
"Unhealthy SQ","Unhealthy","SQ","IL6",0.0156730807312456
"Unhealthy SQ","Unhealthy","SQ","Netrin",0.0154217992172754
"Unhealthy SQ","Unhealthy","SQ","PROS",0.01437035261815
"Unhealthy SQ","Unhealthy","SQ","CALCR",0.014083156405192
"Unhealthy SQ","Unhealthy","SQ","CSF3",0.0132830892788345
"Unhealthy SQ","Unhealthy","SQ","CD34",0.0125870123305416
"Unhealthy SQ","Unhealthy","SQ","NEGR",0.0121475593784353
"Unhealthy SQ","Unhealthy","SQ","CSF",0.00859906968644387
"Unhealthy SQ","Unhealthy","SQ","CD160",0.00715354271629591
"Unhealthy SQ","Unhealthy","SQ","TENASCIN",0.00547152337313332
"Unhealthy SQ","Unhealthy","SQ","EDN",0.00540700999159621
"Unhealthy SQ","Unhealthy","SQ","LAIR1",0.00479031531163258
"Unhealthy SQ","Unhealthy","SQ","SELPLG",0.00440914361613666
"Unhealthy SQ","Unhealthy","SQ","CD96",0.00265858434179803
"Unhealthy SQ","Unhealthy","SQ","CDH5",0.00182613463208734
"Unhealthy SQ","Unhealthy","SQ","MPZ",0.00143426879127524
"Unhealthy SQ","Unhealthy","SQ","BAG",0.00143370579291473
"Unhealthy SQ","Unhealthy","SQ","LXA4",0.00118625743422559
"Unhealthy SQ","Unhealthy","SQ","IL10",0.00116353341768245
"Unhealthy SQ","Unhealthy","SQ","CysLTs",0.00110692830100402
"Unhealthy SQ","Unhealthy","SQ","PTPRM",0.000748711712704349
"Unhealthy SQ","Unhealthy","SQ","SEMA4",0.000506870252990737
"Unhealthy SQ","Unhealthy","SQ","SEMA3",0.000344231400397723
"Unhealthy SQ","Unhealthy","SQ","IGF",0.00032147329165848
"Healthy Omentum","Healthy","Omentum","MIF",8.09796746396989
"Healthy Omentum","Healthy","Omentum","COLLAGEN",4.7179963427701
"Healthy Omentum","Healthy","Omentum","MHC-II",2.39996049820697
"Healthy Omentum","Healthy","Omentum","APP",2.3872167678395
"Healthy Omentum","Healthy","Omentum","LAMININ",1.88031979973044
"Healthy Omentum","Healthy","Omentum","CypA",1.66060014864312
"Healthy Omentum","Healthy","Omentum","CLEC",1.5600656468339
"Healthy Omentum","Healthy","Omentum","CD99",1.33290979016817
"Healthy Omentum","Healthy","Omentum","CXCL",1.02874352460459
"Healthy Omentum","Healthy","Omentum","PTN",0.884632795171418
"Healthy Omentum","Healthy","Omentum","ADGRE",0.828967485000501
"Healthy Omentum","Healthy","Omentum","MHC-I",0.786598781057211
"Healthy Omentum","Healthy","Omentum","THBS",0.614631586084263
"Healthy Omentum","Healthy","Omentum","CCL",0.423655250185503
"Healthy Omentum","Healthy","Omentum","GALECTIN",0.377589828708126
"Healthy Omentum","Healthy","Omentum","VISFATIN",0.374222260221076
"Healthy Omentum","Healthy","Omentum","COMPLEMENT",0.355879828342505
"Healthy Omentum","Healthy","Omentum","Prostaglandin",0.346277796575995
"Healthy Omentum","Healthy","Omentum","MK",0.276564613653446
"Healthy Omentum","Healthy","Omentum","FN1",0.266285849971593
"Healthy Omentum","Healthy","Omentum","ANGPTL",0.23318047459804
"Healthy Omentum","Healthy","Omentum","IGFBP",0.23310313118531
"Healthy Omentum","Healthy","Omentum","PECAM1",0.194110423305756
"Healthy Omentum","Healthy","Omentum","ANNEXIN",0.181447199064145
"Healthy Omentum","Healthy","Omentum","GAS",0.125631433660074
"Healthy Omentum","Healthy","Omentum","ICAM",0.123932851982967
"Healthy Omentum","Healthy","Omentum","VEGF",0.122233034977592
"Healthy Omentum","Healthy","Omentum","TENASCIN",0.113320340765287
"Healthy Omentum","Healthy","Omentum","SELE",0.111292506535516
"Healthy Omentum","Healthy","Omentum","EGF",0.108122508463274
"Healthy Omentum","Healthy","Omentum","ESAM",0.0867695884522475
"Healthy Omentum","Healthy","Omentum","SELL",0.0805871010127879
"Healthy Omentum","Healthy","Omentum","CLDN",0.0702394527093529
"Healthy Omentum","Healthy","Omentum","FGF",0.0677321097886953
"Healthy Omentum","Healthy","Omentum","THY1",0.0637315435588307
"Healthy Omentum","Healthy","Omentum","JAM",0.0611207519915745
"Healthy Omentum","Healthy","Omentum","GAP",0.0609968880177965
"Healthy Omentum","Healthy","Omentum","BAFF",0.0475752960284563
"Healthy Omentum","Healthy","Omentum","TWEAK",0.047456860754649
"Healthy Omentum","Healthy","Omentum","VTN",0.0368262669720287
"Healthy Omentum","Healthy","Omentum","GRN",0.0325451442538629
"Healthy Omentum","Healthy","Omentum","TGFb",0.0317108706432504
"Healthy Omentum","Healthy","Omentum","MPZ",0.0316174347767866
"Healthy Omentum","Healthy","Omentum","PDGF",0.0311331993085034
"Healthy Omentum","Healthy","Omentum","LAIR1",0.0307507705500836
"Healthy Omentum","Healthy","Omentum","SELPLG",0.0288180463045159
"Healthy Omentum","Healthy","Omentum","NEGR",0.0280289056501474
"Healthy Omentum","Healthy","Omentum","Cholesterol",0.0258649288164079
"Healthy Omentum","Healthy","Omentum","PLAU",0.0236442943609295
"Healthy Omentum","Healthy","Omentum","IL6",0.0198088377959137
"Healthy Omentum","Healthy","Omentum","ADGRG",0.0195617350190937
"Healthy Omentum","Healthy","Omentum","CD46",0.0179350645447609
"Healthy Omentum","Healthy","Omentum","NOTCH",0.0161694154945831
"Healthy Omentum","Healthy","Omentum","CALCR",0.015752859036913
"Healthy Omentum","Healthy","Omentum","ANGPT",0.0139206683131457
"Healthy Omentum","Healthy","Omentum","PROS",0.0137212693646334
"Healthy Omentum","Healthy","Omentum","IL1",0.0133695294950889
"Healthy Omentum","Healthy","Omentum","PROCR",0.0125597345352541
"Healthy Omentum","Healthy","Omentum","Netrin",0.0122615797022111
"Healthy Omentum","Healthy","Omentum","VCAM",0.0116875740663698
"Healthy Omentum","Healthy","Omentum","IL16",0.0101779256446089
"Healthy Omentum","Healthy","Omentum","IFN-II",0.0101629191486127
"Healthy Omentum","Healthy","Omentum","CD160",0.0100262159228626
"Healthy Omentum","Healthy","Omentum","PROC",0.00959549821069366
"Healthy Omentum","Healthy","Omentum","LIGHT",0.00602148079276877
"Healthy Omentum","Healthy","Omentum","LIFR",0.00511606766982596
"Healthy Omentum","Healthy","Omentum","Desmosterol",0.0043623766917512
"Healthy Omentum","Healthy","Omentum","EPHB",0.00387014214802125
"Healthy Omentum","Healthy","Omentum","CDH5",0.00279873343647506
"Healthy Omentum","Healthy","Omentum","PTPRM",0.00182206586094678
"Healthy Omentum","Healthy","Omentum","BAG",0.00138648927846216
"Healthy Omentum","Healthy","Omentum","FLRT",0.00108936932597198
"Healthy Omentum","Healthy","Omentum","DESMOSOME",0.000785637145840561
"Healthy Omentum","Healthy","Omentum","EPHA",0.000738279451016056
"Unhealthy Omentum","Unhealthy","Omentum","MIF",6.73433500254591
"Unhealthy Omentum","Unhealthy","Omentum","COLLAGEN",4.44149768689007
"Unhealthy Omentum","Unhealthy","Omentum","LAMININ",1.84376830525303
"Unhealthy Omentum","Unhealthy","Omentum","CLEC",1.78959150360486
"Unhealthy Omentum","Unhealthy","Omentum","MHC-I",1.77165802581983
"Unhealthy Omentum","Unhealthy","Omentum","CypA",1.45342162594972
"Unhealthy Omentum","Unhealthy","Omentum","APP",1.22949799725804
"Unhealthy Omentum","Unhealthy","Omentum","CXCL",1.177776238399
"Unhealthy Omentum","Unhealthy","Omentum","CD99",1.02549741963385
"Unhealthy Omentum","Unhealthy","Omentum","MHC-II",0.934733550998679
"Unhealthy Omentum","Unhealthy","Omentum","CCL",0.853824400334407
"Unhealthy Omentum","Unhealthy","Omentum","Prostaglandin",0.845240912469598
"Unhealthy Omentum","Unhealthy","Omentum","PTN",0.47541088709263
"Unhealthy Omentum","Unhealthy","Omentum","THBS",0.431889451246166
"Unhealthy Omentum","Unhealthy","Omentum","ADGRE",0.42761773884117
"Unhealthy Omentum","Unhealthy","Omentum","COMPLEMENT",0.313393913036223
"Unhealthy Omentum","Unhealthy","Omentum","GALECTIN",0.30973552306483
"Unhealthy Omentum","Unhealthy","Omentum","FN1",0.200786088459472
"Unhealthy Omentum","Unhealthy","Omentum","ANGPTL",0.187219828342777
"Unhealthy Omentum","Unhealthy","Omentum","MK",0.182209317408012
"Unhealthy Omentum","Unhealthy","Omentum","ANNEXIN",0.179869595283023
"Unhealthy Omentum","Unhealthy","Omentum","IGFBP",0.15848697022625
"Unhealthy Omentum","Unhealthy","Omentum","CD45",0.13672318130695
"Unhealthy Omentum","Unhealthy","Omentum","GAS",0.121322170778249
"Unhealthy Omentum","Unhealthy","Omentum","VISFATIN",0.0940394930344177
"Unhealthy Omentum","Unhealthy","Omentum","PECAM1",0.0925235415145352
"Unhealthy Omentum","Unhealthy","Omentum","TENASCIN",0.0803166292516752
"Unhealthy Omentum","Unhealthy","Omentum","EGF",0.077577316409992
"Unhealthy Omentum","Unhealthy","Omentum","ESAM",0.0760788910537702
"Unhealthy Omentum","Unhealthy","Omentum","TNF",0.0703876952246647
"Unhealthy Omentum","Unhealthy","Omentum","JAM",0.0662091018081111
"Unhealthy Omentum","Unhealthy","Omentum","SELE",0.0649020260016454
"Unhealthy Omentum","Unhealthy","Omentum","ICAM",0.0619740135997079
"Unhealthy Omentum","Unhealthy","Omentum","TWEAK",0.0616690480086839
"Unhealthy Omentum","Unhealthy","Omentum","FGF",0.0603304560312579
"Unhealthy Omentum","Unhealthy","Omentum","NOTCH",0.0547825075542308
"Unhealthy Omentum","Unhealthy","Omentum","VEGF",0.052943082956427
"Unhealthy Omentum","Unhealthy","Omentum","GAP",0.051858466625913
"Unhealthy Omentum","Unhealthy","Omentum","THY1",0.049801949481574
"Unhealthy Omentum","Unhealthy","Omentum","VTN",0.0493469315660969
"Unhealthy Omentum","Unhealthy","Omentum","CD46",0.0491732022855851
"Unhealthy Omentum","Unhealthy","Omentum","CLDN",0.0469570854018906
"Unhealthy Omentum","Unhealthy","Omentum","ADGRG",0.0418268699831206
"Unhealthy Omentum","Unhealthy","Omentum","GRN",0.0314903480980034
"Unhealthy Omentum","Unhealthy","Omentum","PDGF",0.0313770995153144
"Unhealthy Omentum","Unhealthy","Omentum","SELL",0.0248760876132033
"Unhealthy Omentum","Unhealthy","Omentum","IFN-II",0.0245126051958639
"Unhealthy Omentum","Unhealthy","Omentum","NEGR",0.023794196814676
"Unhealthy Omentum","Unhealthy","Omentum","Cholesterol",0.0235738863831153
"Unhealthy Omentum","Unhealthy","Omentum","PROS",0.0221829624582831
"Unhealthy Omentum","Unhealthy","Omentum","MPZ",0.0220167378066048
"Unhealthy Omentum","Unhealthy","Omentum","FLRT",0.0175010652749981
"Unhealthy Omentum","Unhealthy","Omentum","IL1",0.016220556985675
"Unhealthy Omentum","Unhealthy","Omentum","NECTIN",0.0140320381405663
"Unhealthy Omentum","Unhealthy","Omentum","CD40",0.0139030723854122
"Unhealthy Omentum","Unhealthy","Omentum","PLAU",0.0121478172655939
"Unhealthy Omentum","Unhealthy","Omentum","CD160",0.011786419043941
"Unhealthy Omentum","Unhealthy","Omentum","BAFF",0.00967751303320928
"Unhealthy Omentum","Unhealthy","Omentum","ADGRA",0.00960768010926527
"Unhealthy Omentum","Unhealthy","Omentum","Netrin",0.00932276295550792
"Unhealthy Omentum","Unhealthy","Omentum","ANGPT",0.00886450363478445
"Unhealthy Omentum","Unhealthy","Omentum","CALCR",0.00578049859666374
"Unhealthy Omentum","Unhealthy","Omentum","Desmosterol",0.00571748627370203
"Unhealthy Omentum","Unhealthy","Omentum","LIGHT",0.00502411340380408
"Unhealthy Omentum","Unhealthy","Omentum","VCAM",0.0048537877550913
"Unhealthy Omentum","Unhealthy","Omentum","IL6",0.00484109014479859
"Unhealthy Omentum","Unhealthy","Omentum","CSF",0.00462466146916448
"Unhealthy Omentum","Unhealthy","Omentum","DHEAS",0.00307961719987515
"Unhealthy Omentum","Unhealthy","Omentum","IL16",0.0022980174252344
"Unhealthy Omentum","Unhealthy","Omentum","ncWNT",0.00226872821446681
"Unhealthy Omentum","Unhealthy","Omentum","BAG",0.0021253423159292
"Unhealthy Omentum","Unhealthy","Omentum","PERIOSTIN",0.00178587771864424
"Unhealthy Omentum","Unhealthy","Omentum","CDH5",0.00161940002401845
"Unhealthy Omentum","Unhealthy","Omentum","CADM",0.00109645530556919
"Unhealthy Omentum","Unhealthy","Omentum","IL10",0.00104944373320556
"Unhealthy Omentum","Unhealthy","Omentum","SEMA4",0.00103566665318853
"Unhealthy Omentum","Unhealthy","Omentum","DESMOSOME",0.000928332537300121
"Unhealthy Omentum","Unhealthy","Omentum","LAIR1",0.000909537957912288
"Unhealthy Omentum","Unhealthy","Omentum","PTPRM",0.000898969314529671
"Unhealthy Omentum","Unhealthy","Omentum","APRIL",0.000876344871398236
"Unhealthy Omentum","Unhealthy","Omentum","CysLTs",0.000436752253237821
"Unhealthy Omentum","Unhealthy","Omentum","IGF",1.3865543828709e-05
