"sample_name","disease","tissue","cell_type","n_cells"
"BRI-1456","Healthy","SQ","DC_like",36
"BRI-1456","Healthy","SQ","Endothelial",51
"BRI-1456","Healthy","SQ","Fibroblast_stromal",177
"BRI-1456","Healthy","SQ","Myeloid_monocyte_macrophage_like",179
"BRI-1456","Healthy","SQ","NK_cells",230
"BRI-1456","Healthy","SQ","Stromal",727
"BRI-1456","Healthy","SQ","Stromal_mesenchymal",554
"BRI-1456","Healthy","SQ","T_cells",307
"BRI-1456","Healthy","SQ","Unresolved",183
"BRI-1456","Healthy","SQ","Vascular_smooth_muscle",62
"BRI-1456","Healthy","SQ","pDC_like",22
"BRI-1457","Unhealthy","SQ","DC_like",305
"BRI-1457","Unhealthy","SQ","Endothelial",403
"BRI-1457","Unhealthy","SQ","Endothelial_ACKR1",54
"BRI-1457","Unhealthy","SQ","Fibroblast_stromal",1046
"BRI-1457","Unhealthy","SQ","Inflammatory_monocyte_like",74
"BRI-1457","Unhealthy","SQ","Myeloid_monocyte_macrophage_like",60
"BRI-1457","Unhealthy","SQ","NK_cells",368
"BRI-1457","Unhealthy","SQ","Stromal",1162
"BRI-1457","Unhealthy","SQ","Stromal_mesenchymal",208
"BRI-1457","Unhealthy","SQ","T_cells",389
"BRI-1457","Unhealthy","SQ","Unresolved",580
"BRI-1457","Unhealthy","SQ","Vascular_smooth_muscle",179
"BRI-1457","Unhealthy","SQ","pDC_like",20
"BRI-1458","Healthy","Omentum","B_cells",270
"BRI-1458","Healthy","Omentum","Endothelial",474
"BRI-1458","Healthy","Omentum","Epithelial_mesothelial_like",721
"BRI-1458","Healthy","Omentum","Fibroblast_stromal",1250
"BRI-1458","Healthy","Omentum","Inflammatory_monocyte_like",703
"BRI-1458","Healthy","Omentum","Macrophage_myeloid",119
"BRI-1458","Healthy","Omentum","Myeloid_monocyte_macrophage_like",525
"BRI-1458","Healthy","Omentum","NK_cells",920
"BRI-1458","Healthy","Omentum","Stromal",2333
"BRI-1458","Healthy","Omentum","Stromal_mesenchymal",245
"BRI-1458","Healthy","Omentum","T_cells",2304
"BRI-1458","Healthy","Omentum","Unresolved",2620
"BRI-1458","Healthy","Omentum","Vascular_smooth_muscle",277
"BRI-1458","Healthy","Omentum","pDC_like",78
"BRI-1459","Unhealthy","Omentum","B_cells",160
"BRI-1459","Unhealthy","Omentum","Cytotoxic_T_cells",736
"BRI-1459","Unhealthy","Omentum","Endothelial",241
"BRI-1459","Unhealthy","Omentum","Epithelial_mesothelial_like",1308
"BRI-1459","Unhealthy","Omentum","Fibroblast_stromal",253
"BRI-1459","Unhealthy","Omentum","Myeloid_monocyte_macrophage_like",794
"BRI-1459","Unhealthy","Omentum","NK_cells",400
"BRI-1459","Unhealthy","Omentum","Stromal",1659
"BRI-1459","Unhealthy","Omentum","Stromal_mesenchymal",652
"BRI-1459","Unhealthy","Omentum","T_cells",1649
"BRI-1459","Unhealthy","Omentum","Unresolved",4732
"BRI-1459","Unhealthy","Omentum","Vascular_smooth_muscle",52
