"sample_name","disease","tissue","broad_cell_type","n_cells","chemokine_mean","chemokine_median","ECM_mean","ECM_median"
"BRI-1458","Healthy","SQ","Dendritic_cells",78,-0.318786525749828,-0.324069023348623,-0.531737768460082,-0.536936316422563
"BRI-1458","Healthy","SQ","Endothelial",474,-0.150988946972115,-0.202038808071815,-0.168541776238477,-0.190830898857026
"BRI-1458","Healthy","SQ","Myeloid_macrophage",1347,0.0801503443779081,-0.0123790181909228,-0.306905932009299,-0.335653851219435
"BRI-1458","Healthy","SQ","NK_cells",920,0.217664497528087,0.19306051516087,-0.422905820323913,-0.433697214735362
"BRI-1458","Healthy","SQ","Stromal_fibroblast",3828,-0.121136598036778,-0.156975065927705,0.896905631797729,0.867356304603253
"BRI-1458","Healthy","SQ","T_cells",2304,-0.0718496204831369,-0.126361579762187,-0.39269067311949,-0.408670183883994
"BRI-1459","Unhealthy","SQ","Endothelial",241,-0.185083707920746,-0.226763393826689,-0.131171270431408,-0.166188886520622
"BRI-1459","Unhealthy","SQ","Myeloid_macrophage",794,0.272520549354698,0.224184135206204,-0.356580745456595,-0.385865480006097
"BRI-1459","Unhealthy","SQ","NK_cells",400,0.307682096110102,0.328362735699573,-0.461189534305673,-0.472033802214991
"BRI-1459","Unhealthy","SQ","Stromal_fibroblast",2564,-0.210193608449491,-0.239843615750688,0.884229031710506,0.843682375877932
"BRI-1459","Unhealthy","SQ","T_cells",2385,-0.084376999416339,-0.136559575283441,-0.409539305744038,-0.421833349123775
"BRI-1456","Healthy","Omentum","Dendritic_cells",58,-0.249847723321759,-0.25034607750228,-0.526034997215514,-0.535354972233912
"BRI-1456","Healthy","Omentum","Endothelial",51,-0.00943054547144087,-0.0800431390132866,-0.27628068858581,-0.289421184611113
"BRI-1456","Healthy","Omentum","Myeloid_macrophage",179,0.283342812684816,0.304926559471835,-0.430885859371888,-0.437217283268243
"BRI-1456","Healthy","Omentum","NK_cells",230,0.257292674296525,0.271854718652236,-0.492404882287533,-0.500594618983981
"BRI-1456","Healthy","Omentum","Stromal_fibroblast",1458,-0.112727253882727,-0.170471459906967,0.877609610133184,0.869953838365732
"BRI-1456","Healthy","Omentum","T_cells",307,-0.242251376000856,-0.285200667573926,-0.451307244924491,-0.466550228744571
"BRI-1457","Unhealthy","Omentum","Dendritic_cells",325,0.150895070049151,0.0843723275348505,-0.496516466739809,-0.521275815843495
"BRI-1457","Unhealthy","Omentum","Endothelial",457,-0.0773923628394387,-0.0956385428439459,-0.338555290037934,-0.372074974184842
"BRI-1457","Unhealthy","Omentum","Myeloid_macrophage",134,0.315056809087696,0.243927158494413,-0.262043024892808,-0.32529878651623
"BRI-1457","Unhealthy","Omentum","NK_cells",368,0.362396470246955,0.374592560659492,-0.529226402967185,-0.540440855296846
"BRI-1457","Unhealthy","Omentum","Stromal_fibroblast",2416,-0.0984450266598705,-0.153651300699175,0.720479698845867,0.685976220195762
"BRI-1457","Unhealthy","Omentum","T_cells",389,-0.161614318967581,-0.240322851341598,-0.48204623365416,-0.502005705529422
