"Var1","Var2","Freq"
"0","B_cell",3
"1","B_cell",0
"2","B_cell",0
"3","B_cell",0
"4","B_cell",0
"5","B_cell",1
"6","B_cell",0
"7","B_cell",0
"8","B_cell",0
"9","B_cell",0
"10","B_cell",0
"11","B_cell",88
"12","B_cell",0
"13","B_cell",0
"0","BM",1
"1","BM",0
"2","BM",0
"3","BM",0
"4","BM",0
"5","BM",0
"6","BM",0
"7","BM",0
"8","BM",0
"9","BM",0
"10","BM",0
"11","BM",0
"12","BM",0
"13","BM",0
"0","Chondrocytes",556
"1","Chondrocytes",85
"2","Chondrocytes",45
"3","Chondrocytes",0
"4","Chondrocytes",0
"5","Chondrocytes",0
"6","Chondrocytes",0
"7","Chondrocytes",22
"8","Chondrocytes",0
"9","Chondrocytes",18
"10","Chondrocytes",0
"11","Chondrocytes",0
"12","Chondrocytes",19
"13","Chondrocytes",1
"0","CMP",4
"1","CMP",0
"2","CMP",0
"3","CMP",0
"4","CMP",0
"5","CMP",0
"6","CMP",0
"7","CMP",0
"8","CMP",0
"9","CMP",0
"10","CMP",0
"11","CMP",0
"12","CMP",0
"13","CMP",0
"0","DC",102
"1","DC",0
"2","DC",0
"3","DC",0
"4","DC",66
"5","DC",1
"6","DC",0
"7","DC",0
"8","DC",0
"9","DC",0
"10","DC",1
"11","DC",3
"12","DC",0
"13","DC",0
"0","Endothelial_cells",49
"1","Endothelial_cells",0
"2","Endothelial_cells",2
"3","Endothelial_cells",0
"4","Endothelial_cells",0
"5","Endothelial_cells",0
"6","Endothelial_cells",0
"7","Endothelial_cells",0
"8","Endothelial_cells",0
"9","Endothelial_cells",0
"10","Endothelial_cells",222
"11","Endothelial_cells",0
"12","Endothelial_cells",4
"13","Endothelial_cells",0
"0","Epithelial_cells",23
"1","Epithelial_cells",0
"2","Epithelial_cells",1
"3","Epithelial_cells",0
"4","Epithelial_cells",0
"5","Epithelial_cells",0
"6","Epithelial_cells",0
"7","Epithelial_cells",0
"8","Epithelial_cells",0
"9","Epithelial_cells",0
"10","Epithelial_cells",1
"11","Epithelial_cells",0
"12","Epithelial_cells",6
"13","Epithelial_cells",0
"0","Fibroblasts",680
"1","Fibroblasts",695
"2","Fibroblasts",133
"3","Fibroblasts",0
"4","Fibroblasts",0
"5","Fibroblasts",0
"6","Fibroblasts",0
"7","Fibroblasts",320
"8","Fibroblasts",0
"9","Fibroblasts",45
"10","Fibroblasts",4
"11","Fibroblasts",1
"12","Fibroblasts",24
"13","Fibroblasts",1
"0","Gametocytes",1
"1","Gametocytes",0
"2","Gametocytes",0
"3","Gametocytes",0
"4","Gametocytes",0
"5","Gametocytes",0
"6","Gametocytes",0
"7","Gametocytes",0
"8","Gametocytes",0
"9","Gametocytes",0
"10","Gametocytes",0
"11","Gametocytes",0
"12","Gametocytes",0
"13","Gametocytes",0
"0","GMP",10
"1","GMP",0
"2","GMP",0
"3","GMP",0
"4","GMP",1
"5","GMP",0
"6","GMP",0
"7","GMP",0
"8","GMP",0
"9","GMP",0
"10","GMP",0
"11","GMP",7
"12","GMP",0
"13","GMP",0
"0","Hepatocytes",6
"1","Hepatocytes",0
"2","Hepatocytes",0
"3","Hepatocytes",0
"4","Hepatocytes",0
"5","Hepatocytes",0
"6","Hepatocytes",0
"7","Hepatocytes",0
"8","Hepatocytes",0
"9","Hepatocytes",0
"10","Hepatocytes",0
"11","Hepatocytes",0
"12","Hepatocytes",6
"13","Hepatocytes",0
"0","HSC_-G-CSF",8
"1","HSC_-G-CSF",0
"2","HSC_-G-CSF",0
"3","HSC_-G-CSF",0
"4","HSC_-G-CSF",0
"5","HSC_-G-CSF",0
"6","HSC_-G-CSF",0
"7","HSC_-G-CSF",0
"8","HSC_-G-CSF",0
"9","HSC_-G-CSF",0
"10","HSC_-G-CSF",0
"11","HSC_-G-CSF",0
"12","HSC_-G-CSF",0
"13","HSC_-G-CSF",0
"0","HSC_CD34+",389
"1","HSC_CD34+",0
"2","HSC_CD34+",0
"3","HSC_CD34+",0
"4","HSC_CD34+",3
"5","HSC_CD34+",0
"6","HSC_CD34+",0
"7","HSC_CD34+",0
"8","HSC_CD34+",0
"9","HSC_CD34+",0
"10","HSC_CD34+",1
"11","HSC_CD34+",1
"12","HSC_CD34+",0
"13","HSC_CD34+",0
"0","Macrophage",51
"1","Macrophage",0
"2","Macrophage",0
"3","Macrophage",0
"4","Macrophage",92
"5","Macrophage",0
"6","Macrophage",0
"7","Macrophage",0
"8","Macrophage",0
"9","Macrophage",0
"10","Macrophage",0
"11","Macrophage",0
"12","Macrophage",0
"13","Macrophage",0
"0","Monocyte",264
"1","Monocyte",0
"2","Monocyte",0
"3","Monocyte",0
"4","Monocyte",607
"5","Monocyte",0
"6","Monocyte",0
"7","Monocyte",0
"8","Monocyte",0
"9","Monocyte",0
"10","Monocyte",0
"11","Monocyte",19
"12","Monocyte",0
"13","Monocyte",0
"0","MSC",1
"1","MSC",0
"2","MSC",0
"3","MSC",0
"4","MSC",0
"5","MSC",0
"6","MSC",0
"7","MSC",0
"8","MSC",0
"9","MSC",0
"10","MSC",0
"11","MSC",0
"12","MSC",0
"13","MSC",0
"0","Neurons",11
"1","Neurons",0
"2","Neurons",0
"3","Neurons",0
"4","Neurons",0
"5","Neurons",0
"6","Neurons",0
"7","Neurons",0
"8","Neurons",0
"9","Neurons",0
"10","Neurons",0
"11","Neurons",0
"12","Neurons",0
"13","Neurons",0
"0","Neutrophils",115
"1","Neutrophils",0
"2","Neutrophils",0
"3","Neutrophils",0
"4","Neutrophils",9
"5","Neutrophils",1
"6","Neutrophils",0
"7","Neutrophils",0
"8","Neutrophils",0
"9","Neutrophils",0
"10","Neutrophils",0
"11","Neutrophils",0
"12","Neutrophils",0
"13","Neutrophils",0
"0","NK_cell",224
"1","NK_cell",0
"2","NK_cell",0
"3","NK_cell",12
"4","NK_cell",7
"5","NK_cell",21
"6","NK_cell",95
"7","NK_cell",0
"8","NK_cell",364
"9","NK_cell",0
"10","NK_cell",0
"11","NK_cell",12
"12","NK_cell",1
"13","NK_cell",0
"0","Osteoblasts",27
"1","Osteoblasts",0
"2","Osteoblasts",0
"3","Osteoblasts",0
"4","Osteoblasts",0
"5","Osteoblasts",0
"6","Osteoblasts",0
"7","Osteoblasts",1
"8","Osteoblasts",0
"9","Osteoblasts",2
"10","Osteoblasts",0
"11","Osteoblasts",0
"12","Osteoblasts",0
"13","Osteoblasts",0
"0","Platelets",1
"1","Platelets",0
"2","Platelets",0
"3","Platelets",0
"4","Platelets",0
"5","Platelets",0
"6","Platelets",0
"7","Platelets",0
"8","Platelets",0
"9","Platelets",0
"10","Platelets",0
"11","Platelets",0
"12","Platelets",0
"13","Platelets",0
"0","Pre-B_cell_CD34-",177
"1","Pre-B_cell_CD34-",0
"2","Pre-B_cell_CD34-",0
"3","Pre-B_cell_CD34-",0
"4","Pre-B_cell_CD34-",1
"5","Pre-B_cell_CD34-",2
"6","Pre-B_cell_CD34-",0
"7","Pre-B_cell_CD34-",0
"8","Pre-B_cell_CD34-",0
"9","Pre-B_cell_CD34-",0
"10","Pre-B_cell_CD34-",0
"11","Pre-B_cell_CD34-",9
"12","Pre-B_cell_CD34-",1
"13","Pre-B_cell_CD34-",0
"0","Pro-B_cell_CD34+",1
"1","Pro-B_cell_CD34+",0
"2","Pro-B_cell_CD34+",0
"3","Pro-B_cell_CD34+",0
"4","Pro-B_cell_CD34+",0
"5","Pro-B_cell_CD34+",0
"6","Pro-B_cell_CD34+",0
"7","Pro-B_cell_CD34+",0
"8","Pro-B_cell_CD34+",0
"9","Pro-B_cell_CD34+",0
"10","Pro-B_cell_CD34+",0
"11","Pro-B_cell_CD34+",0
"12","Pro-B_cell_CD34+",0
"13","Pro-B_cell_CD34+",0
"0","Smooth_muscle_cells",384
"1","Smooth_muscle_cells",577
"2","Smooth_muscle_cells",965
"3","Smooth_muscle_cells",0
"4","Smooth_muscle_cells",0
"5","Smooth_muscle_cells",0
"6","Smooth_muscle_cells",0
"7","Smooth_muscle_cells",212
"8","Smooth_muscle_cells",0
"9","Smooth_muscle_cells",142
"10","Smooth_muscle_cells",2
"11","Smooth_muscle_cells",0
"12","Smooth_muscle_cells",48
"13","Smooth_muscle_cells",1
"0","T_cells",120
"1","T_cells",0
"2","T_cells",0
"3","T_cells",900
"4","T_cells",8
"5","T_cells",711
"6","T_cells",641
"7","T_cells",0
"8","T_cells",36
"9","T_cells",0
"10","T_cells",0
"11","T_cells",20
"12","T_cells",0
"13","T_cells",0
"0","Tissue_stem_cells",1524
"1","Tissue_stem_cells",302
"2","Tissue_stem_cells",32
"3","Tissue_stem_cells",0
"4","Tissue_stem_cells",0
"5","Tissue_stem_cells",0
"6","Tissue_stem_cells",0
"7","Tissue_stem_cells",97
"8","Tissue_stem_cells",0
"9","Tissue_stem_cells",46
"10","Tissue_stem_cells",10
"11","Tissue_stem_cells",0
"12","Tissue_stem_cells",21
"13","Tissue_stem_cells",49
