"sample_name","disease","tissue","broad_cell_type","InflammatoryScore","ChemokineScore","ECMScore"
"BRI-1456","Healthy","Omentum","Dendritic_cells",-0.0321785774779552,-0.249847723321759,-0.526034997215514
"BRI-1456","Healthy","Omentum","Endothelial",0.475816175740047,-0.00943054547144088,-0.27628068858581
"BRI-1456","Healthy","Omentum","Myeloid_macrophage",0.59472718412394,0.283342812684816,-0.430885859371888
"BRI-1456","Healthy","Omentum","NK_cells",0.474367911786723,0.257292674296525,-0.492404882287533
"BRI-1456","Healthy","Omentum","Stromal_fibroblast",0.0972871673546795,-0.112727253882727,0.877609610133184
"BRI-1456","Healthy","Omentum","T_cells",0.155245295124755,-0.242251376000856,-0.451307244924491
"BRI-1456","Healthy","Omentum","Unresolved",0.258658664900512,0.0735863139057198,0.282062590966622
"BRI-1456","Healthy","Omentum","Vascular_smooth_muscle",0.0359057958519409,-0.127964533379136,-0.130309276223818
"BRI-1457","Unhealthy","Omentum","Dendritic_cells",0.351930840807563,0.150895070049151,-0.496516466739809
"BRI-1457","Unhealthy","Omentum","Endothelial",0.362867640596271,-0.0773923628394387,-0.338555290037934
"BRI-1457","Unhealthy","Omentum","Myeloid_macrophage",0.747345025029682,0.315056809087696,-0.262043024892808
"BRI-1457","Unhealthy","Omentum","NK_cells",0.560747807523709,0.362396470246955,-0.529226402967185
"BRI-1457","Unhealthy","Omentum","Stromal_fibroblast",0.0887698155572902,-0.0984450266598705,0.720479698845867
"BRI-1457","Unhealthy","Omentum","T_cells",0.212164764873105,-0.161614318967581,-0.48204623365416
"BRI-1457","Unhealthy","Omentum","Unresolved",0.294058032754846,0.220694439803439,0.281048643609599
"BRI-1457","Unhealthy","Omentum","Vascular_smooth_muscle",-0.0605603257904735,-0.105896177262847,-0.0837264192842783
"BRI-1458","Healthy","SQ","B_cells",-0.037223690507165,-0.218292764146551,-0.374729922414615
"BRI-1458","Healthy","SQ","Dendritic_cells",-0.321013509565755,-0.318786525749828,-0.531737768460082
"BRI-1458","Healthy","SQ","Endothelial",0.103493364570971,-0.150988946972115,-0.168541776238477
"BRI-1458","Healthy","SQ","Epithelial_mesothelial",0.12259047094145,-0.16076542057305,0.0216370971906121
"BRI-1458","Healthy","SQ","Myeloid_macrophage",0.532753318437559,0.0801503443779081,-0.306905932009299
"BRI-1458","Healthy","SQ","NK_cells",0.300097138983245,0.217664497528087,-0.422905820323913
"BRI-1458","Healthy","SQ","Stromal_fibroblast",-0.0831955889302318,-0.121136598036778,0.896905631797729
"BRI-1458","Healthy","SQ","T_cells",0.194245675175737,-0.0718496204831369,-0.39269067311949
"BRI-1458","Healthy","SQ","Unresolved",0.237681295113571,0.138651518916894,0.166200068591165
"BRI-1458","Healthy","SQ","Vascular_smooth_muscle",-0.165564289402102,-0.195768977988113,-0.080425474284926
"BRI-1459","Unhealthy","SQ","B_cells",-0.046929179636542,-0.1983167254529,-0.383653276660066
"BRI-1459","Unhealthy","SQ","Endothelial",0.0995773994040879,-0.185083707920746,-0.131171270431408
"BRI-1459","Unhealthy","SQ","Epithelial_mesothelial",-0.0194694523222436,-0.276726385920023,-0.00355058896657385
"BRI-1459","Unhealthy","SQ","Myeloid_macrophage",0.588011291418941,0.272520549354698,-0.356580745456595
"BRI-1459","Unhealthy","SQ","NK_cells",0.467045031056255,0.307682096110102,-0.461189534305673
"BRI-1459","Unhealthy","SQ","Stromal_fibroblast",-0.113882821632067,-0.210193608449491,0.884229031710506
"BRI-1459","Unhealthy","SQ","T_cells",0.229537327088879,-0.084376999416339,-0.409539305744038
"BRI-1459","Unhealthy","SQ","Unresolved",0.19978257129395,0.109137675181048,0.143145788318635
"BRI-1459","Unhealthy","SQ","Vascular_smooth_muscle",-0.167756287618142,-0.257758565341084,-0.0016506562111128
