"sample_name","disease","tissue","broad_cell_type","n_cells","inflammatory_mean","inflammatory_median","chemokine_mean","chemokine_median","ECM_mean","ECM_median"
"BRI-1456","Healthy","SQ","Dendritic_cells",58,-0.0321785774779552,-0.00599968611856783,-0.249847723321759,-0.25034607750228,-0.526034997215514,-0.535354972233912
"BRI-1456","Healthy","SQ","Endothelial",51,0.475816175740047,0.577658031502155,-0.00943054547144087,-0.0800431390132866,-0.27628068858581,-0.289421184611113
"BRI-1456","Healthy","SQ","Myeloid_macrophage",179,0.59472718412394,0.589614363188126,0.283342812684816,0.304926559471835,-0.430885859371888,-0.437217283268243
"BRI-1456","Healthy","SQ","NK_cells",230,0.474367911786723,0.488065425815268,0.257292674296525,0.271854718652236,-0.492404882287533,-0.500594618983981
"BRI-1456","Healthy","SQ","Stromal_fibroblast",1458,0.0972871673546795,0.0559633288223172,-0.112727253882727,-0.170471459906967,0.877609610133184,0.869953838365732
"BRI-1456","Healthy","SQ","T_cells",307,0.155245295124755,0.136377556686694,-0.242251376000856,-0.285200667573926,-0.451307244924491,-0.466550228744571
"BRI-1456","Healthy","SQ","Unresolved",183,0.258658664900512,0.214992721754484,0.0735863139057198,0.0801224827190032,0.282062590966622,0.237633332635656
"BRI-1456","Healthy","SQ","Vascular_smooth_muscle",62,0.0359057958519409,0.0377247113414151,-0.127964533379136,-0.132275682092498,-0.130309276223818,-0.182625022330846
"BRI-1457","Unhealthy","SQ","Dendritic_cells",325,0.351930840807563,0.312589551864018,0.150895070049151,0.0843723275348505,-0.496516466739809,-0.521275815843495
"BRI-1457","Unhealthy","SQ","Endothelial",457,0.362867640596271,0.379578877555391,-0.0773923628394387,-0.0956385428439459,-0.338555290037934,-0.372074974184842
"BRI-1457","Unhealthy","SQ","Myeloid_macrophage",134,0.747345025029682,0.709496521993659,0.315056809087696,0.243927158494413,-0.262043024892808,-0.32529878651623
"BRI-1457","Unhealthy","SQ","NK_cells",368,0.560747807523709,0.531168083305562,0.362396470246955,0.374592560659492,-0.529226402967185,-0.540440855296846
"BRI-1457","Unhealthy","SQ","Stromal_fibroblast",2416,0.0887698155572902,0.0354537387872773,-0.0984450266598705,-0.153651300699175,0.720479698845867,0.685976220195762
"BRI-1457","Unhealthy","SQ","T_cells",389,0.212164764873105,0.185103810208936,-0.161614318967581,-0.240322851341598,-0.48204623365416,-0.502005705529422
"BRI-1457","Unhealthy","SQ","Unresolved",580,0.294058032754846,0.285279452925838,0.220694439803439,0.161415022974529,0.281048643609599,0.24658377461461
"BRI-1457","Unhealthy","SQ","Vascular_smooth_muscle",179,-0.0605603257904735,-0.103555695442329,-0.105896177262847,-0.148658853824376,-0.0837264192842784,-0.142368743508751
"BRI-1458","Healthy","Omentum","B_cells",270,-0.037223690507165,-0.0591029533957168,-0.218292764146551,-0.242394158901194,-0.374729922414615,-0.390133003543324
"BRI-1458","Healthy","Omentum","Dendritic_cells",78,-0.321013509565755,-0.345947815134989,-0.318786525749828,-0.324069023348623,-0.531737768460082,-0.536936316422563
"BRI-1458","Healthy","Omentum","Endothelial",474,0.103493364570971,0.0467429557410179,-0.150988946972115,-0.202038808071815,-0.168541776238477,-0.190830898857026
"BRI-1458","Healthy","Omentum","Epithelial_mesothelial",721,0.12259047094145,0.109783522686996,-0.16076542057305,-0.18148778902021,0.0216370971906121,-0.00107731547676093
"BRI-1458","Healthy","Omentum","Myeloid_macrophage",1347,0.532753318437559,0.462589046941113,0.0801503443779081,-0.0123790181909228,-0.306905932009299,-0.335653851219435
"BRI-1458","Healthy","Omentum","NK_cells",920,0.300097138983245,0.261912910860014,0.217664497528087,0.19306051516087,-0.422905820323913,-0.433697214735362
"BRI-1458","Healthy","Omentum","Stromal_fibroblast",3828,-0.0831955889302318,-0.113279054705714,-0.121136598036778,-0.156975065927705,0.896905631797729,0.867356304603253
"BRI-1458","Healthy","Omentum","T_cells",2304,0.194245675175737,0.180143069807158,-0.0718496204831369,-0.126361579762187,-0.39269067311949,-0.408670183883994
"BRI-1458","Healthy","Omentum","Unresolved",2620,0.237681295113571,0.253624978748682,0.138651518916894,0.145827017129203,0.166200068591164,0.0945203552722174
"BRI-1458","Healthy","Omentum","Vascular_smooth_muscle",277,-0.165564289402102,-0.18800776292955,-0.195768977988113,-0.242886717859223,-0.080425474284926,-0.125898493812907
"BRI-1459","Unhealthy","Omentum","B_cells",160,-0.046929179636542,-0.0924621806134888,-0.1983167254529,-0.253946749854177,-0.383653276660066,-0.424452001107171
"BRI-1459","Unhealthy","Omentum","Endothelial",241,0.0995773994040879,0.0231089210506009,-0.185083707920746,-0.226763393826689,-0.131171270431408,-0.166188886520622
"BRI-1459","Unhealthy","Omentum","Epithelial_mesothelial",1308,-0.0194694523222436,-0.0517305353826937,-0.276726385920023,-0.317367294259137,-0.00355058896657386,-0.0306469171123648
"BRI-1459","Unhealthy","Omentum","Myeloid_macrophage",794,0.588011291418941,0.532560060869173,0.272520549354698,0.224184135206204,-0.356580745456595,-0.385865480006097
"BRI-1459","Unhealthy","Omentum","NK_cells",400,0.467045031056255,0.486301337183961,0.307682096110102,0.328362735699573,-0.461189534305673,-0.472033802214991
"BRI-1459","Unhealthy","Omentum","Stromal_fibroblast",2564,-0.113882821632067,-0.157255634996037,-0.210193608449491,-0.239843615750688,0.884229031710506,0.843682375877932
"BRI-1459","Unhealthy","Omentum","T_cells",2385,0.229537327088879,0.207355441835872,-0.084376999416339,-0.136559575283441,-0.409539305744038,-0.421833349123775
"BRI-1459","Unhealthy","Omentum","Unresolved",4732,0.19978257129395,0.115965842955536,0.109137675181048,0.137210072785556,0.143145788318635,0.0822133284361057
"BRI-1459","Unhealthy","Omentum","Vascular_smooth_muscle",52,-0.167756287618142,-0.235885509300999,-0.257758565341084,-0.299765445272081,-0.00165065621111275,-0.0846758539464149
